FK_Name,ModelID,Num_ModelID,ObjectID,NumOID,ImportID,Child_Table_Name,Referred_Table_Name,Engineer,Delete_Rule,Child_Table_ID,Num_Child_Table_ID,Referred_Table_ID,Num_Referred_Table_ID,Referred_Key_ID,Num_Referred_Key_ID,Number_Of_Columns
ASST_PL_CLLTRL_RCVD_ASSGNMNT_ASST_PL_FK,4146278C-4654-567E-9F7B-2C4CFE27A753,573,6C11907F-EFB5-8AB3-015B-5080309EBF76,2447,,ASST_PL_CLLTRL_RCVD_ASSGNMNT,ASST_PL,Y,NO ACTION,86D94527-6369-10BC-CF88-A90681AC6205,575,E132F12C-6288-DDBA-7C74-5D063EE6EB89,574,FA813CD5-5703-03B8-F2FE-B74E4AD14185,2267,5
ASST_PL_CLLTRL_RCVD_ASSGNMNT_CLLTRL_RL_FK,4146278C-4654-567E-9F7B-2C4CFE27A753,573,41C30CC3-25E9-5247-CB69-B7DA59B8494E,2448,,ASST_PL_CLLTRL_RCVD_ASSGNMNT,CLLTRL_RL,Y,NO ACTION,86D94527-6369-10BC-CF88-A90681AC6205,575,5CB7B07A-47FD-77B3-73DF-3C9CE741167C,584,D0A365D0-2CA3-0A11-944F-8A5D55951F1D,2207,6
ASST_PL_EXCHNG_TRDBL_DRVTV_PSTN_ASSGNMNT_ASST_PL_FK,4146278C-4654-567E-9F7B-2C4CFE27A753,573,6979E74B-09D8-DC48-2047-57CF60C0C33F,2449,,ASST_PL_EXCHNG_TRDBL_DRVTV_PSTN_ASSGNMNT,ASST_PL,Y,NO ACTION,4D99BC05-598B-0CD0-E859-4B7CB1C54B88,576,E132F12C-6288-DDBA-7C74-5D063EE6EB89,574,FA813CD5-5703-03B8-F2FE-B74E4AD14185,2267,5
ASST_PL_EXCHNG_TRDBL_DRVTV_PSTN_ASSGNMNT_EXCHNG_TRDBL_DRVTV_PSTN_FK,4146278C-4654-567E-9F7B-2C4CFE27A753,573,F8EED9EE-BFDA-DD25-706D-390DB73FAAA3,2450,,ASST_PL_EXCHNG_TRDBL_DRVTV_PSTN_ASSGNMNT,EXCHNG_TRDBL_DRVTV_PSTN,Y,NO ACTION,4D99BC05-598B-0CD0-E859-4B7CB1C54B88,576,415654DD-95DB-7F12-2EF3-CA0BC9B6C478,602,7DAD8156-9ECC-9288-2789-435AA76451EB,2185,9
ASST_PL_INSTRMNT_ASSGNMNT_ASST_PL_FKv3,4146278C-4654-567E-9F7B-2C4CFE27A753,573,059F9DEA-844E-16A0-EFAC-CBC03C298691,2451,,ASST_PL_INSTRMNT_ASSGNMNT,ASST_PL,Y,NO ACTION,76D04C22-20A0-4905-C819-41A8F44DF2C5,577,E132F12C-6288-DDBA-7C74-5D063EE6EB89,574,FA813CD5-5703-03B8-F2FE-B74E4AD14185,2267,5
ASST_PL_INSTRMNT_ASSGNMNT_INSTRMNT_FKv4,4146278C-4654-567E-9F7B-2C4CFE27A753,573,4FDCB88F-81E8-3B6A-E8D5-7936889C8C5B,2452,,ASST_PL_INSTRMNT_ASSGNMNT,INSTRMNT,Y,NO ACTION,76D04C22-20A0-4905-C819-41A8F44DF2C5,577,78FCD9B0-DDAB-965F-8D1B-8493C2DE8AE4,614,3B29E294-7228-7024-8F5C-6B374489F484,2224,5
ASST_PL_LNG_BLNC_SHT_RCGNSD_SCRTY_PSTN_ASSGNMNT_ASST_PL_FK,4146278C-4654-567E-9F7B-2C4CFE27A753,573,C4BB79E3-DEFF-230A-E23A-1ECEE76D38B2,2453,,ASST_PL_LNG_BLNC_SHT_RCGNSD_SCRTY_PSTN_ASSGNMNT,ASST_PL,Y,NO ACTION,5FFB7F81-4763-0A64-1B2B-09FA0A98CABB,578,E132F12C-6288-DDBA-7C74-5D063EE6EB89,574,FA813CD5-5703-03B8-F2FE-B74E4AD14185,2267,5
ASST_PL_LNG_BLNC_SHT_RCGNSD_SCRTY_PSTN_ASSGNMNT_LNG_SHRT_BLNC_SHT_RCGNSD_SCRTY_PSTN_FK,4146278C-4654-567E-9F7B-2C4CFE27A753,573,01CC8014-262A-0B18-CE37-ED04C8E8C99F,2454,,ASST_PL_LNG_BLNC_SHT_RCGNSD_SCRTY_PSTN_ASSGNMNT,LNG_SHRT_BLNC_SHT_RCGNSD_SCRTY_PSTN,Y,NO ACTION,5FFB7F81-4763-0A64-1B2B-09FA0A98CABB,578,C206EF8A-EF01-0C0A-9AE9-879ACF8B6270,636,C2E031CE-8A12-E071-1D3F-8339F509CA1F,2365,9
ASST_PL_NN_BLNC_SHT_RCGNSD_SCRTY_PSTN_ASSGNMNT_ASST_PL_FK,4146278C-4654-567E-9F7B-2C4CFE27A753,573,8171942D-BAA9-BBCE-B1B7-FE8E79C5345D,2455,,ASST_PL_NN_BLNC_SHT_RCGNSD_SCRTY_PSTN_ASSGNMNT,ASST_PL,Y,NO ACTION,9025C31B-C513-5C9B-79D8-B14C08CD7F8A,579,E132F12C-6288-DDBA-7C74-5D063EE6EB89,574,FA813CD5-5703-03B8-F2FE-B74E4AD14185,2267,5
ASST_PL_NN_BLNC_SHT_RCGNSD_SCRTY_PSTN_ASSGNMNT_BLNC_SHT_RCGNSD_NN_BLNC_SHT_RCGNSD_SCRTY_PSTN_FK,4146278C-4654-567E-9F7B-2C4CFE27A753,573,74FB0CF2-384A-7BE3-7288-303B6B046719,2456,,ASST_PL_NN_BLNC_SHT_RCGNSD_SCRTY_PSTN_ASSGNMNT,BLNC_SHT_RCGNSD_NN_BLNC_SHT_RCGNSD_SCRTY_PSTN,Y,NO ACTION,9025C31B-C513-5C9B-79D8-B14C08CD7F8A,579,655C0C68-72D3-8E51-3E96-11E562E228AA,581,C9DA1668-DDC6-D049-4A0E-6C972BD34EA4,2212,8
BLNC_SHT_RCGNSD_NN_BLNC_SHT_RCGNSD_SCRTY_PSTN_SCRTY_PSTN_FK,4146278C-4654-567E-9F7B-2C4CFE27A753,573,35A61A57-6222-1EF3-4B3F-F507F785993C,2457,,BLNC_SHT_RCGNSD_NN_BLNC_SHT_RCGNSD_SCRTY_PSTN,SCRTY_PSTN,Y,NO ACTION,655C0C68-72D3-8E51-3E96-11E562E228AA,581,DD64CA26-E9D8-8EFB-3038-E647952F5215,677,241F6276-A5F3-4EA8-B905-CE620F8A2248,2444,7
CLLTRL_GVN_INSTRMNT_DBT_SCRTY_ISSD_ASSGNMNT_DBT_SCRTY_ISSD_FK,4146278C-4654-567E-9F7B-2C4CFE27A753,573,D87C7AAE-7E88-92A1-0CD3-89FB7F08A1A7,2458,,CLLTRL_GVN_INSTRMNT_DBT_SCRTY_ISSD_ASSGNMNT,DBT_SCRTY_ISSD,Y,NO ACTION,01053026-5E20-D661-EC37-ADB796C2B681,583,F151C8A1-2C69-AA6D-FB35-611A1E075C7E,595,79CC3A49-8B5C-89E1-AF0C-BE2F119D1A9D,2273,6
CLLTRL_GVN_INSTRMNT_DBT_SCRTY_ISSD_ASSGNMNT_INSTRMNT_RL_FK,4146278C-4654-567E-9F7B-2C4CFE27A753,573,4B826E5F-1FA7-2C09-DFC9-435FB9038E6B,2459,,CLLTRL_GVN_INSTRMNT_DBT_SCRTY_ISSD_ASSGNMNT,INSTRMNT_RL,Y,NO ACTION,01053026-5E20-D661-EC37-ADB796C2B681,583,9D1B6BEB-B5EE-A5F2-EAA3-CEFC8F8B26E3,621,79726610-D827-7B98-B897-0E4829224227,2348,6
CLLTRL_PRTCTN_ARRNGMNT_FK,4146278C-4654-567E-9F7B-2C4CFE27A753,573,28F5B5F3-4E75-15A8-64BB-1F7F305DBD34,2460,,CLLTRL,PRTCTN_ARRNGMNT,Y,NO ACTION,564BCD37-65A0-BB18-6D8B-9A81B0870863,582,66BC86EB-EAD8-F239-8100-73DF122B8272,650,2B325978-27BA-1EB1-382F-CC40E35319DF,2320,5
CLLTRL_RL_CLLTRL_FK,4146278C-4654-567E-9F7B-2C4CFE27A753,573,D3D8B39C-0499-4A3D-8BE3-82AA1D5EB9CC,2461,,CLLTRL_RL,CLLTRL,Y,NO ACTION,5CB7B07A-47FD-77B3-73DF-3C9CE741167C,584,564BCD37-65A0-BB18-6D8B-9A81B0870863,582,380B8B11-4EF8-7370-6FC2-DF98850D011C,2204,5
CLLTRL_SCRTY_EXCHNG_TRDBL_DRVTV_FKv2,4146278C-4654-567E-9F7B-2C4CFE27A753,573,48260A8A-EAB4-FF5E-D9B1-FE33C7450A44,2462,,CLLTRL,SCRTY_EXCHNG_TRDBL_DRVTV,Y,NO ACTION,564BCD37-65A0-BB18-6D8B-9A81B0870863,582,6A4601ED-9BA6-B6D6-E8D3-8AB3A8F0DEE5,674,CA2BE309-6D7B-34D2-DD56-8045CD012B62,2397,5
CRDT_FCLTY_CLLTRL_ASSGNMNT_CLLTRL_RL_FK,4146278C-4654-567E-9F7B-2C4CFE27A753,573,B03F780D-4C39-C28B-0D78-C5616D7417EA,2463,,CRDT_FCLTY_CLLTRL_ASSGNMNT,CLLTRL_RL,Y,NO ACTION,B1C0A4F7-9D6D-A5DE-8463-589947E6F320,586,5CB7B07A-47FD-77B3-73DF-3C9CE741167C,584,D0A365D0-2CA3-0A11-944F-8A5D55951F1D,2207,6
CRDT_FCLTY_CLLTRL_ASSGNMNT_CRDT_FCLTY_FK,4146278C-4654-567E-9F7B-2C4CFE27A753,573,EB7A3B97-5E78-7FAC-BB95-7C719BD6C41D,2464,,CRDT_FCLTY_CLLTRL_ASSGNMNT,CRDT_FCLTY,Y,NO ACTION,B1C0A4F7-9D6D-A5DE-8463-589947E6F320,586,7FDE767A-AD5E-EF88-C9BF-1E8A9334889A,585,4A604602-4AE2-9C62-B66F-2DD492CCF3A1,2228,5
CRDT_FCLTY_CLLTRL_RCVD_INSTRMNT_ASSGNMNT_CRDT_FCLTY_FK,4146278C-4654-567E-9F7B-2C4CFE27A753,573,BF6CA376-0390-C1C8-1391-F6A11E390E9B,2465,,CRDT_FCLTY_CLLTRL_RCVD_INSTRMNT_ASSGNMNT,CRDT_FCLTY,Y,NO ACTION,AAF2C6EB-18DB-BD63-262F-C8521BE21F04,587,7FDE767A-AD5E-EF88-C9BF-1E8A9334889A,585,4A604602-4AE2-9C62-B66F-2DD492CCF3A1,2228,5
CRDT_FCLTY_CLLTRL_RCVD_INSTRMNT_ASSGNMNT_INSTRMNT_RL_FK,4146278C-4654-567E-9F7B-2C4CFE27A753,573,0DF1606A-42C3-6BC7-31F3-857F5DA41F4F,2466,,CRDT_FCLTY_CLLTRL_RCVD_INSTRMNT_ASSGNMNT,INSTRMNT_RL,Y,NO ACTION,AAF2C6EB-18DB-BD63-262F-C8521BE21F04,587,9D1B6BEB-B5EE-A5F2-EAA3-CEFC8F8B26E3,621,79726610-D827-7B98-B897-0E4829224227,2348,6
CRDT_FCLTY_ENTTY_RL_ASSGNMNT_CRDT_FCLTY_FKv2,4146278C-4654-567E-9F7B-2C4CFE27A753,573,14AFE646-EB0D-A798-1FA6-A1326C7C2E59,2467,,CRDT_FCLTY_ENTTY_RL_ASSGNMNT,CRDT_FCLTY,Y,NO ACTION,49FB508A-7AA5-3154-8DEC-ACAB56FEE6AA,588,7FDE767A-AD5E-EF88-C9BF-1E8A9334889A,585,4A604602-4AE2-9C62-B66F-2DD492CCF3A1,2228,5
CRDT_FCLTY_ENTTY_RL_ASSGNMNT_ENTTY_RL_FKv2,4146278C-4654-567E-9F7B-2C4CFE27A753,573,3803FEAC-9520-B6FC-ADFD-AFFF524D72BA,2468,,CRDT_FCLTY_ENTTY_RL_ASSGNMNT,ENTTY_RL,Y,NO ACTION,49FB508A-7AA5-3154-8DEC-ACAB56FEE6AA,588,803BEA06-D3EE-0043-8C52-BBA01D9ACE34,599,F2730772-7DBF-638A-6804-1368D28BBAA9,2230,6
CRDT_FCLTY_FNNCL_CNTRCT_FK,4146278C-4654-567E-9F7B-2C4CFE27A753,573,2793D581-B86B-E0E1-BADC-95EE34976156,2469,,CRDT_FCLTY,FNNCL_CNTRCT,Y,NO ACTION,7FDE767A-AD5E-EF88-C9BF-1E8A9334889A,585,8E2D9E57-FDA2-A909-3C05-B4A0F53B0933,608,C5069EF6-44DA-6B09-F0C3-2514096F0BCD,2238,5
CRDT_RSK_MTGTN_ASSGNMNT_CLLTRL_FK,4146278C-4654-567E-9F7B-2C4CFE27A753,573,D99018F3-B5D1-62B1-2217-C018D93C2A43,2470,,CRDT_RSK_MTGTN_ASSGNMNT,CLLTRL,Y,NO ACTION,F86210B7-E2BE-AC86-B715-9CA0653D9552,589,564BCD37-65A0-BB18-6D8B-9A81B0870863,582,380B8B11-4EF8-7370-6FC2-DF98850D011C,2204,5
CRDT_RSK_MTGTN_ASSGNMNT_PRTCTN_ARRNGMNT_FK,4146278C-4654-567E-9F7B-2C4CFE27A753,573,FB0FCFCF-DAF4-5AE4-CBA0-272B879D0E95,2471,,CRDT_RSK_MTGTN_ASSGNMNT,PRTCTN_ARRNGMNT,Y,NO ACTION,F86210B7-E2BE-AC86-B715-9CA0653D9552,589,66BC86EB-EAD8-F239-8100-73DF122B8272,650,2B325978-27BA-1EB1-382F-CC40E35319DF,2320,5
CRDT_TRNSFR_OTHR_SCRTSTN_CVRD_BND_PRGRM_ASST_PL_FK,4146278C-4654-567E-9F7B-2C4CFE27A753,573,20F4896A-0E8F-8AE4-23EB-2FB7CE148882,2472,,CRDT_TRNSFR_OTHR_SCRTSTN_CVRD_BND_PRGRM,ASST_PL,Y,NO ACTION,EDFF84A6-057E-A73E-C3F0-D8CD9FDDD282,590,E132F12C-6288-DDBA-7C74-5D063EE6EB89,574,FA813CD5-5703-03B8-F2FE-B74E4AD14185,2267,5
CVRD_BND_ISSNC_CVRD_BND_PRGRM_FK,4146278C-4654-567E-9F7B-2C4CFE27A753,573,ECAEC014-2A4D-2BE1-5E2C-F9CAAA648D65,2473,,CVRD_BND_ISSNC,CVRD_BND_PRGRM,Y,NO ACTION,22335DBB-FA5E-8790-7678-813EADD7C020,592,D688C2C1-7E4A-8CBF-648E-F1A42450DB41,593,62C1584B-640D-F794-484C-B41B77B780AD,2259,5
CVRD_BND_ISSNC_SCRTY_EXCHNG_TRDBL_DRVTV_FK,4146278C-4654-567E-9F7B-2C4CFE27A753,573,FAC148F4-D2F5-1063-1D4F-8C19CD52BE51,2474,,CVRD_BND_ISSNC,SCRTY_EXCHNG_TRDBL_DRVTV,Y,NO ACTION,22335DBB-FA5E-8790-7678-813EADD7C020,592,6A4601ED-9BA6-B6D6-E8D3-8AB3A8F0DEE5,674,CA2BE309-6D7B-34D2-DD56-8045CD012B62,2397,5
CVRD_BND_PRGRM_ASST_PL_FK,4146278C-4654-567E-9F7B-2C4CFE27A753,573,472758AA-DDFC-93E0-4A38-D679BCB905AA,2475,,CVRD_BND_PRGRM,ASST_PL,Y,NO ACTION,D688C2C1-7E4A-8CBF-648E-F1A42450DB41,593,E132F12C-6288-DDBA-7C74-5D063EE6EB89,574,FA813CD5-5703-03B8-F2FE-B74E4AD14185,2267,5
CVRD_BND_PRGRMM_RLVNT_RGM_EXCSS_CVRD_BND_PRGRM_FK,4146278C-4654-567E-9F7B-2C4CFE27A753,573,B95C8F72-3EB1-F2AF-731F-04C9B013BB96,2476,,CVRD_BND_PRGRMM_RLVNT_RGM_EXCSS,CVRD_BND_PRGRM,Y,NO ACTION,8E81A7FC-F259-F170-C6BE-8B5B1CBA7651,594,D688C2C1-7E4A-8CBF-648E-F1A42450DB41,593,62C1584B-640D-F794-484C-B41B77B780AD,2259,5
DBT_SCRTY_ISSD_HDG_DBT_SCRTY_ISSD_FK,4146278C-4654-567E-9F7B-2C4CFE27A753,573,798C9739-D0CD-A2E0-8C47-E4F36F2FDEEA,2477,,DBT_SCRTY_ISSD_HDG,DBT_SCRTY_ISSD,Y,NO ACTION,40D26129-E8E2-9F41-A7ED-4655B178ABD5,596,F151C8A1-2C69-AA6D-FB35-611A1E075C7E,595,79CC3A49-8B5C-89E1-AF0C-BE2F119D1A9D,2273,6
DBT_SCRTY_ISSD_PRTCN_ARRNGMNT_GVN_ASSGNMNT_DBT_SCRTY_ISSD_FK,4146278C-4654-567E-9F7B-2C4CFE27A753,573,84E8F40A-BC4F-80B4-0B4E-7746137AEE39,2478,,DBT_SCRTY_ISSD_PRTCN_ARRNGMNT_GVN_ASSGNMNT,DBT_SCRTY_ISSD,Y,NO ACTION,06768611-CEEE-3C87-E80B-EB8A2984A02B,597,F151C8A1-2C69-AA6D-FB35-611A1E075C7E,595,79CC3A49-8B5C-89E1-AF0C-BE2F119D1A9D,2273,6
DBT_SCRTY_ISSD_PRTCN_ARRNGMNT_GVN_ASSGNMNT_PRTCTN_ARRNGMNT_RL_FK,4146278C-4654-567E-9F7B-2C4CFE27A753,573,CD8C6A6A-55F0-932A-8F98-ADB1AD408E61,2479,,DBT_SCRTY_ISSD_PRTCN_ARRNGMNT_GVN_ASSGNMNT,PRTCTN_ARRNGMNT_RL,Y,NO ACTION,06768611-CEEE-3C87-E80B-EB8A2984A02B,597,F72ED3E4-6699-FB3C-63EF-4F15D643A896,651,04AE31A4-4ED5-A8C2-005F-650D7CC6507D,2388,6
DBT_SCRTY_ISSD_SCRTY_EXCHNG_TRDBL_DRVTV_FK,4146278C-4654-567E-9F7B-2C4CFE27A753,573,1CDCE008-8F65-6B23-51AA-22FAB6BB6177,2480,,DBT_SCRTY_ISSD,SCRTY_EXCHNG_TRDBL_DRVTV,Y,NO ACTION,F151C8A1-2C69-AA6D-FB35-611A1E075C7E,595,6A4601ED-9BA6-B6D6-E8D3-8AB3A8F0DEE5,674,CA2BE309-6D7B-34D2-DD56-8045CD012B62,2397,5
DBT_SCRTY_ISSD_TRDTNL_SCRTSTN_ASSGNMNT_DBT_SCRTY_ISSD_FK,4146278C-4654-567E-9F7B-2C4CFE27A753,573,4B37FDAB-7E35-B060-31E0-B591D20B4319,2481,,DBT_SCRTY_ISSD_TRDTNL_SCRTSTN_ASSGNMNT,DBT_SCRTY_ISSD,Y,NO ACTION,71543EAD-CCB9-058A-EC4C-6EEC2B68D9BF,598,F151C8A1-2C69-AA6D-FB35-611A1E075C7E,595,79CC3A49-8B5C-89E1-AF0C-BE2F119D1A9D,2273,6
DBT_SCRTY_ISSD_TRDTNL_SCRTSTN_ASSGNMNT_TRDTNL_SCRTSTN_FK,4146278C-4654-567E-9F7B-2C4CFE27A753,573,08E776B1-AEB3-D9E6-68CD-B8FF9AA25FE2,2482,,DBT_SCRTY_ISSD_TRDTNL_SCRTSTN_ASSGNMNT,TRDTNL_SCRTSTN,Y,NO ACTION,71543EAD-CCB9-058A-EC4C-6EEC2B68D9BF,598,8CC6FBAE-AC1F-812B-1035-09A87691B0D6,684,D8AECD56-F22E-1AE2-D5C6-84355331FBA8,2408,5
ENTTY_RL_PRTY_FKv4,4146278C-4654-567E-9F7B-2C4CFE27A753,573,1B9BDAB4-7496-6B77-016B-7B1270289B10,2483,,ENTTY_RL,PRTY,Y,NO ACTION,803BEA06-D3EE-0043-8C52-BBA01D9ACE34,599,2A1B5F67-294E-2604-0E1A-1B2BF6759CDE,654,E17CEA5A-D775-7728-0933-49547B81FC8D,2290,5
EQT_INSTRMNT_NT_SCRT_HDG_INSTRMNT_FK,4146278C-4654-567E-9F7B-2C4CFE27A753,573,EBE81E6A-53D8-4BEE-7D81-16871595733A,2484,,EQT_INSTRMNT_NT_SCRT_HDG,INSTRMNT,Y,NO ACTION,09AD04A6-5411-1415-343A-8F4F88D9B020,600,78FCD9B0-DDAB-965F-8D1B-8493C2DE8AE4,614,3B29E294-7228-7024-8F5C-6B374489F484,2224,5
ETD_LBLTY_PSTN_SNTHTC_SCRTSTN_ASSGNMNT_EXCHNG_TRDBL_DRVTV_PSTN_RL_FK,4146278C-4654-567E-9F7B-2C4CFE27A753,573,2FCE4828-F24A-03A0-F894-0F5FCF71429F,2485,,ETD_LBLTY_PSTN_SNTHTC_SCRTSTN_ASSGNMNT,EXCHNG_TRDBL_DRVTV_PSTN_RL,Y,NO ACTION,4E2A3CC0-C2B2-20A3-1198-2D80F9788A4C,601,87BE6312-3EA1-0C71-0B5F-9F648564E0E9,604,C9548316-0FC7-163D-246E-C45967B553EC,2235,10
ETD_LBLTY_PSTN_SNTHTC_SCRTSTN_ASSGNMNT_SNTHTC_SCRTSTN_FK,4146278C-4654-567E-9F7B-2C4CFE27A753,573,0F265F10-7633-70A5-3A12-D140AFE26E49,2486,,ETD_LBLTY_PSTN_SNTHTC_SCRTSTN_ASSGNMNT,SNTHTC_SCRTSTN,Y,NO ACTION,4E2A3CC0-C2B2-20A3-1198-2D80F9788A4C,601,35743473-52E2-7A32-E430-DE888D37B5B3,682,FC439CD1-D999-5B5D-52E7-10BBFF95D2E4,2394,5
EXCHNG_TRDBL_DRVTV_PSTN_ENTTY_RL_FK,4146278C-4654-567E-9F7B-2C4CFE27A753,573,5BFEEB62-F37E-3425-4CE3-AE1FA5220B90,2487,,EXCHNG_TRDBL_DRVTV_PSTN,ENTTY_RL,Y,NO ACTION,415654DD-95DB-7F12-2EF3-CA0BC9B6C478,602,803BEA06-D3EE-0043-8C52-BBA01D9ACE34,599,F2730772-7DBF-638A-6804-1368D28BBAA9,2230,6
EXCHNG_TRDBL_DRVTV_PSTN_ENTTY_RL_FKv2,4146278C-4654-567E-9F7B-2C4CFE27A753,573,F8039392-2810-AF16-B357-B5CE82055AA8,2488,,EXCHNG_TRDBL_DRVTV_PSTN,ENTTY_RL,Y,NO ACTION,415654DD-95DB-7F12-2EF3-CA0BC9B6C478,602,803BEA06-D3EE-0043-8C52-BBA01D9ACE34,599,F2730772-7DBF-638A-6804-1368D28BBAA9,2230,6
EXCHNG_TRDBL_DRVTV_PSTN_PRTCN_ARRNGMNT_ASSGNMNT_EXCHNG_TRDBL_DRVTV_PSTN_FK,4146278C-4654-567E-9F7B-2C4CFE27A753,573,BEFDDA9A-C4FD-D86D-16CE-678999352F91,2489,,EXCHNG_TRDBL_DRVTV_PSTN_PRTCN_ARRNGMNT_ASSGNMNT,EXCHNG_TRDBL_DRVTV_PSTN,Y,NO ACTION,DCC1824D-9936-C24D-0645-6410DF03352D,603,415654DD-95DB-7F12-2EF3-CA0BC9B6C478,602,7DAD8156-9ECC-9288-2789-435AA76451EB,2185,9
EXCHNG_TRDBL_DRVTV_PSTN_PRTCN_ARRNGMNT_ASSGNMNT_PRTCTN_ARRNGMNT_RL_FK,4146278C-4654-567E-9F7B-2C4CFE27A753,573,8F80DCE7-0B83-DCBA-05F8-CF19C700ABC3,2490,,EXCHNG_TRDBL_DRVTV_PSTN_PRTCN_ARRNGMNT_ASSGNMNT,PRTCTN_ARRNGMNT_RL,Y,NO ACTION,DCC1824D-9936-C24D-0645-6410DF03352D,603,F72ED3E4-6699-FB3C-63EF-4F15D643A896,651,04AE31A4-4ED5-A8C2-005F-650D7CC6507D,2388,6
EXCHNG_TRDBL_DRVTV_PSTN_RL_EXCHNG_TRDBL_DRVTV_PSTN_FK,4146278C-4654-567E-9F7B-2C4CFE27A753,573,3AF2C5CA-E9CB-290A-0711-AC318B45DB1A,2491,,EXCHNG_TRDBL_DRVTV_PSTN_RL,EXCHNG_TRDBL_DRVTV_PSTN,Y,NO ACTION,87BE6312-3EA1-0C71-0B5F-9F648564E0E9,604,415654DD-95DB-7F12-2EF3-CA0BC9B6C478,602,7DAD8156-9ECC-9288-2789-435AA76451EB,2185,9
EXCHNG_TRDBL_DRVTV_PSTN_SCRTY_EXCHNG_TRDBL_DRVTV_FK,4146278C-4654-567E-9F7B-2C4CFE27A753,573,015C997F-0650-887F-E020-94F640C2E78F,2492,,EXCHNG_TRDBL_DRVTV_PSTN,SCRTY_EXCHNG_TRDBL_DRVTV,Y,NO ACTION,415654DD-95DB-7F12-2EF3-CA0BC9B6C478,602,6A4601ED-9BA6-B6D6-E8D3-8AB3A8F0DEE5,674,CA2BE309-6D7B-34D2-DD56-8045CD012B62,2397,5
FNDMNTL_RVW_TRDNG_BK_STNDRD_APPRCH_RSK_MSR_ETD_PSTNS_EXCHNG_TRDBL_DRVTV_PSTN_FK,4146278C-4654-567E-9F7B-2C4CFE27A753,573,DD955982-4B4E-938D-9390-853137ADC20E,2493,,FNDMNTL_RVW_TRDNG_BK_STNDRD_APPRCH_RSK_MSR_ETD_PSTNS,EXCHNG_TRDBL_DRVTV_PSTN,Y,NO ACTION,66CE02F9-4D1C-0517-0032-872E8B2B806F,605,415654DD-95DB-7F12-2EF3-CA0BC9B6C478,602,7DAD8156-9ECC-9288-2789-435AA76451EB,2185,9
FNDMNTL_RVW_TRDNG_BK_STNDRD_APPRCH_RSK_MSR_ETD_PSTNS_RSK_FAC_SA_FK,4146278C-4654-567E-9F7B-2C4CFE27A753,573,CED6884C-911C-3FA4-4798-655AF0E0EE08,2494,,FNDMNTL_RVW_TRDNG_BK_STNDRD_APPRCH_RSK_MSR_ETD_PSTNS,RSK_FAC_SA,Y,NO ACTION,66CE02F9-4D1C-0517-0032-872E8B2B806F,605,264BCB3B-FDA9-6DE4-1B70-8D43AD92609B,660,6DF3F734-DED6-854C-0FD2-4BFDED8D1AD6,2287,5
FNDMNTL_RVW_TRDNG_BK_STNDRD_APPRCH_RSK_MSR_FR_SCRTY_PSTNS_RSK_FAC_SA_FK,4146278C-4654-567E-9F7B-2C4CFE27A753,573,BA2C52C4-87E6-5A1D-0FDA-852505087040,2495,,FNDMNTL_RVW_TRDNG_BK_STNDRD_APPRCH_RSK_MSR_FR_SCRTY_PSTNS,RSK_FAC_SA,Y,NO ACTION,38DBA367-9B77-6FF3-E26C-9663D76FD6D2,606,264BCB3B-FDA9-6DE4-1B70-8D43AD92609B,660,6DF3F734-DED6-854C-0FD2-4BFDED8D1AD6,2287,5
FNDMNTL_RVW_TRDNG_BK_STNDRD_APPRCH_RSK_MSR_FR_SCRTY_PSTNS_SCRTY_PSTN_FK,4146278C-4654-567E-9F7B-2C4CFE27A753,573,D90CFE71-1DE4-FF32-A599-BFABE3B40630,2496,,FNDMNTL_RVW_TRDNG_BK_STNDRD_APPRCH_RSK_MSR_FR_SCRTY_PSTNS,SCRTY_PSTN,Y,NO ACTION,38DBA367-9B77-6FF3-E26C-9663D76FD6D2,606,DD64CA26-E9D8-8EFB-3038-E647952F5215,677,241F6276-A5F3-4EA8-B905-CE620F8A2248,2444,7
FNDMNTL_RVW_TRDNG_BK_STNDRD_APPRCH_RSK_MSR_OTC_PSTNS_INSTRMNT_FK,4146278C-4654-567E-9F7B-2C4CFE27A753,573,E8FF5F66-75F4-260C-245F-78F4D3A30B59,2497,,FNDMNTL_RVW_TRDNG_BK_STNDRD_APPRCH_RSK_MSR_OTC_PSTNS,INSTRMNT,Y,NO ACTION,E021C796-5621-0AF6-936A-966B0110CD1F,607,78FCD9B0-DDAB-965F-8D1B-8493C2DE8AE4,614,3B29E294-7228-7024-8F5C-6B374489F484,2224,5
FNDMNTL_RVW_TRDNG_BK_STNDRD_APPRCH_RSK_MSR_OTC_PSTNS_RSK_FAC_SA_FK,4146278C-4654-567E-9F7B-2C4CFE27A753,573,A4A82E85-4971-4290-ADB7-1EAD9EED51A2,2498,,FNDMNTL_RVW_TRDNG_BK_STNDRD_APPRCH_RSK_MSR_OTC_PSTNS,RSK_FAC_SA,Y,NO ACTION,E021C796-5621-0AF6-936A-966B0110CD1F,607,264BCB3B-FDA9-6DE4-1B70-8D43AD92609B,660,6DF3F734-DED6-854C-0FD2-4BFDED8D1AD6,2287,5
FNNCL_CNTRCT_SYNDCTD_CNTRCT_FK,4146278C-4654-567E-9F7B-2C4CFE27A753,573,1D858890-DA6B-E6D1-979F-CBF5380789F9,2499,,FNNCL_CNTRCT,SYNDCTD_CNTRCT,Y,NO ACTION,8E2D9E57-FDA2-A909-3C05-B4A0F53B0933,608,4883348D-614C-7023-6C60-7068B2CCC314,683,237FCA4A-E3B4-C2C2-1162-5CBA4759DE44,2396,1
FNNCL_GRNT_INSTRMNT_DBT_SCRT_DBT_SCRTY_ASSGNMNT_INSTRMNT_FK,4146278C-4654-567E-9F7B-2C4CFE27A753,573,15FA3CE9-B43A-1226-1683-F15DEF824D13,2500,,FNNCL_GRNT_INSTRMNT_DBT_SCRT_DBT_SCRTY_ASSGNMNT,INSTRMNT,Y,NO ACTION,45C4C575-2B4D-3010-7655-16F9D28CE47C,609,78FCD9B0-DDAB-965F-8D1B-8493C2DE8AE4,614,3B29E294-7228-7024-8F5C-6B374489F484,2224,5
FNNCL_GRNT_INSTRMNT_DBT_SCRT_DBT_SCRTY_ASSGNMNT_SCRTY_EXCHNG_TRDBL_DRVTV_FK,4146278C-4654-567E-9F7B-2C4CFE27A753,573,A5709234-1C9F-5D8F-7D37-0731832AE5CF,2501,,FNNCL_GRNT_INSTRMNT_DBT_SCRT_DBT_SCRTY_ASSGNMNT,SCRTY_EXCHNG_TRDBL_DRVTV,Y,NO ACTION,45C4C575-2B4D-3010-7655-16F9D28CE47C,609,6A4601ED-9BA6-B6D6-E8D3-8AB3A8F0DEE5,674,CA2BE309-6D7B-34D2-DD56-8045CD012B62,2397,5
GRP_KY_MNGMNT_PRSNLL_ASSGNMNT_ENTTY_RL_FK,4146278C-4654-567E-9F7B-2C4CFE27A753,573,66550F5C-43EF-4F1A-DEB5-0D4962F2CEDF,2502,,GRP_KY_MNGMNT_PRSNLL_ASSGNMNT,ENTTY_RL,Y,NO ACTION,8FB5752B-291E-628E-7DDE-53E2E3F69BC5,612,803BEA06-D3EE-0043-8C52-BBA01D9ACE34,599,F2730772-7DBF-638A-6804-1368D28BBAA9,2230,6
GRP_KY_MNGMNT_PRSNLL_ASSGNMNT_GRP_FKv2,4146278C-4654-567E-9F7B-2C4CFE27A753,573,293662C4-77D2-62DF-8F14-ECA05A9F0980,2503,,GRP_KY_MNGMNT_PRSNLL_ASSGNMNT,GRP,Y,NO ACTION,8FB5752B-291E-628E-7DDE-53E2E3F69BC5,612,72258BD2-B861-5EA5-E59E-A181A7887431,611,45B51CF5-F332-9462-3D28-2A4557EF6DB0,2220,5
IMMDT_PRNT_ENTRPRS_ASSGNMNT_ENTTY_RL_FK,4146278C-4654-567E-9F7B-2C4CFE27A753,573,8FA8B650-59AE-E539-F06B-20A46016FEA9,2504,,IMMDT_PRNT_ENTRPRS_ASSGNMNT,ENTTY_RL,Y,NO ACTION,EB324EAA-CF85-80A9-1341-CC1ADE45F33A,613,803BEA06-D3EE-0043-8C52-BBA01D9ACE34,599,F2730772-7DBF-638A-6804-1368D28BBAA9,2230,6
IMMDT_PRNT_ENTRPRS_ASSGNMNT_PRTY_FK,4146278C-4654-567E-9F7B-2C4CFE27A753,573,69B067BF-04A5-47C3-6560-724F535E1B0B,2505,,IMMDT_PRNT_ENTRPRS_ASSGNMNT,PRTY,Y,NO ACTION,EB324EAA-CF85-80A9-1341-CC1ADE45F33A,613,2A1B5F67-294E-2604-0E1A-1B2BF6759CDE,654,E17CEA5A-D775-7728-0933-49547B81FC8D,2290,5
INSTRMNT_BLNC_SHT_NTTNG_FK,4146278C-4654-567E-9F7B-2C4CFE27A753,573,F33E6DED-5081-9F32-0B12-764E9BAF3BC4,2506,,INSTRMNT,BLNC_SHT_NTTNG,Y,NO ACTION,78FCD9B0-DDAB-965F-8D1B-8493C2DE8AE4,614,C7BD4E4D-70E9-61C6-23FB-38B3A6CE6EF2,580,ACA24E4F-8247-5228-4032-290EE82211DD,2258,5
INSTRMNT_CLLTRL_ASSGNMNT_CLLTRL_RL_FKv4,4146278C-4654-567E-9F7B-2C4CFE27A753,573,3123186E-F7E3-6B32-0FC4-24F136E2645F,2507,,INSTRMNT_CLLTRL_ASSGNMNT,CLLTRL_RL,Y,NO ACTION,AC499C72-4708-2B32-73C8-63191F41A58C,615,5CB7B07A-47FD-77B3-73DF-3C9CE741167C,584,D0A365D0-2CA3-0A11-944F-8A5D55951F1D,2207,6
INSTRMNT_CLLTRL_ASSGNMNT_INSTRMNT_FKv3,4146278C-4654-567E-9F7B-2C4CFE27A753,573,0D296A42-9BF4-DA5B-AFDA-F76835174736,2508,,INSTRMNT_CLLTRL_ASSGNMNT,INSTRMNT,Y,NO ACTION,AC499C72-4708-2B32-73C8-63191F41A58C,615,78FCD9B0-DDAB-965F-8D1B-8493C2DE8AE4,614,3B29E294-7228-7024-8F5C-6B374489F484,2224,5
INSTRMNT_CLLTRL_INSTRMNT_ASSGNMNT_INSTRMNT_FKv2,4146278C-4654-567E-9F7B-2C4CFE27A753,573,41696416-5472-621A-7595-B40036AB2E0E,2509,,INSTRMNT_CLLTRL_INSTRMNT_ASSGNMNT,INSTRMNT,Y,NO ACTION,45B454F6-1278-26A7-63D8-F133B3AC73FC,616,78FCD9B0-DDAB-965F-8D1B-8493C2DE8AE4,614,3B29E294-7228-7024-8F5C-6B374489F484,2224,5
INSTRMNT_CLLTRL_INSTRMNT_ASSGNMNT_INSTRMNT_RL_FK,4146278C-4654-567E-9F7B-2C4CFE27A753,573,08006488-AC98-B26D-1957-67A96BC06BA9,2510,,INSTRMNT_CLLTRL_INSTRMNT_ASSGNMNT,INSTRMNT_RL,Y,NO ACTION,45B454F6-1278-26A7-63D8-F133B3AC73FC,616,9D1B6BEB-B5EE-A5F2-EAA3-CEFC8F8B26E3,621,79726610-D827-7B98-B897-0E4829224227,2348,6
INSTRMNT_CRDT_FCLTY_FK,4146278C-4654-567E-9F7B-2C4CFE27A753,573,548E649F-721E-4D83-B1D5-7B307C08D803,2511,,INSTRMNT,CRDT_FCLTY,Y,NO ACTION,78FCD9B0-DDAB-965F-8D1B-8493C2DE8AE4,614,7FDE767A-AD5E-EF88-C9BF-1E8A9334889A,585,4A604602-4AE2-9C62-B66F-2DD492CCF3A1,2228,5
INSTRMNT_ENTTY_RL_ASSGNMNT_ENTTY_RL_FKv14,4146278C-4654-567E-9F7B-2C4CFE27A753,573,0FE716D5-9B96-06ED-3F31-B0D10D9E2E21,2512,,INSTRMNT_ENTTY_RL_ASSGNMNT,ENTTY_RL,Y,NO ACTION,1B261ADF-675D-5930-D3FE-A768E2569AD0,617,803BEA06-D3EE-0043-8C52-BBA01D9ACE34,599,F2730772-7DBF-638A-6804-1368D28BBAA9,2230,6
INSTRMNT_ENTTY_RL_ASSGNMNT_INSTRMNT_FKv26,4146278C-4654-567E-9F7B-2C4CFE27A753,573,2E0D0075-6BBD-D311-0CE3-ECE244A49018,2513,,INSTRMNT_ENTTY_RL_ASSGNMNT,INSTRMNT,Y,NO ACTION,1B261ADF-675D-5930-D3FE-A768E2569AD0,617,78FCD9B0-DDAB-965F-8D1B-8493C2DE8AE4,614,3B29E294-7228-7024-8F5C-6B374489F484,2224,5
INSTRMNT_FNNCL_CNTRCT_FK,4146278C-4654-567E-9F7B-2C4CFE27A753,573,2C89FA6C-9CEA-04FC-6C01-FDE2680ECD03,2514,,INSTRMNT,FNNCL_CNTRCT,Y,NO ACTION,78FCD9B0-DDAB-965F-8D1B-8493C2DE8AE4,614,8E2D9E57-FDA2-A909-3C05-B4A0F53B0933,608,C5069EF6-44DA-6B09-F0C3-2514096F0BCD,2238,5
INSTRMNT_HDGD_EXCHNG_TRDBL_DRVTV_EXCHNG_TRDBL_DRVTV_PSTN_RL_FK,4146278C-4654-567E-9F7B-2C4CFE27A753,573,639AB97D-CC22-2D3C-A455-A6DAFC09CE7B,2515,,INSTRMNT_HDGD_EXCHNG_TRDBL_DRVTV,EXCHNG_TRDBL_DRVTV_PSTN_RL,Y,NO ACTION,67EF68CF-3D6D-DCFD-8575-56ED50950F25,618,87BE6312-3EA1-0C71-0B5F-9F648564E0E9,604,C9548316-0FC7-163D-246E-C45967B553EC,2235,10
INSTRMNT_HDGD_EXCHNG_TRDBL_DRVTV_INSTRMNT_FK,4146278C-4654-567E-9F7B-2C4CFE27A753,573,C1753005-8F7B-DEF2-AB02-C11E324C1C00,2516,,INSTRMNT_HDGD_EXCHNG_TRDBL_DRVTV,INSTRMNT,Y,NO ACTION,67EF68CF-3D6D-DCFD-8575-56ED50950F25,618,78FCD9B0-DDAB-965F-8D1B-8493C2DE8AE4,614,3B29E294-7228-7024-8F5C-6B374489F484,2224,5
INSTRMNT_HDGD_OTC_DRVTV_INSTRMNT_FK,4146278C-4654-567E-9F7B-2C4CFE27A753,573,1F91D642-C2EC-9B64-78C0-00CC748B5E49,2517,,INSTRMNT_HDGD_OTC_DRVTV,INSTRMNT,Y,NO ACTION,C38E5231-9C73-C312-D828-65F3E8DE663B,619,78FCD9B0-DDAB-965F-8D1B-8493C2DE8AE4,614,3B29E294-7228-7024-8F5C-6B374489F484,2224,5
INSTRMNT_HDGD_OTC_DRVTV_OTC_DRVTV_HDG_FK,4146278C-4654-567E-9F7B-2C4CFE27A753,573,EB54A1D2-4154-D3C5-3726-4223B5253DAE,2518,,INSTRMNT_HDGD_OTC_DRVTV,OTC_DRVTV_HDG,Y,NO ACTION,C38E5231-9C73-C312-D828-65F3E8DE663B,619,ACCF3303-F7E7-CB90-2677-B88DDD608961,646,FEF6A50F-7C30-7F7F-D814-BD55D4D4AEE2,2356,5
INSTRMNT_PRTCTN_ARRNGMNT_ASSGNMNT_INSTRMNT_FK,4146278C-4654-567E-9F7B-2C4CFE27A753,573,3537DEE5-7102-403D-1A10-D9FCCE2A5988,2519,,INSTRMNT_PRTCTN_ARRNGMNT_ASSGNMNT,INSTRMNT,Y,NO ACTION,478ED43B-401E-EA5C-FC28-94093E9D4497,620,78FCD9B0-DDAB-965F-8D1B-8493C2DE8AE4,614,3B29E294-7228-7024-8F5C-6B374489F484,2224,5
INSTRMNT_PRTCTN_ARRNGMNT_ASSGNMNT_PRTCTN_ARRNGMNT_RL_FKv2,4146278C-4654-567E-9F7B-2C4CFE27A753,573,B338E2CA-5333-921B-F884-C251BDC191AF,2520,,INSTRMNT_PRTCTN_ARRNGMNT_ASSGNMNT,PRTCTN_ARRNGMNT_RL,Y,NO ACTION,478ED43B-401E-EA5C-FC28-94093E9D4497,620,F72ED3E4-6699-FB3C-63EF-4F15D643A896,651,04AE31A4-4ED5-A8C2-005F-650D7CC6507D,2388,6
INSTRMNT_RL_INSTRMNT_FK,4146278C-4654-567E-9F7B-2C4CFE27A753,573,9F7A8292-74F5-838B-651E-6F204859BCCC,2521,,INSTRMNT_RL,INSTRMNT,Y,NO ACTION,9D1B6BEB-B5EE-A5F2-EAA3-CEFC8F8B26E3,621,78FCD9B0-DDAB-965F-8D1B-8493C2DE8AE4,614,3B29E294-7228-7024-8F5C-6B374489F484,2224,5
INTRNL_GRP_RL_GRP_FK,4146278C-4654-567E-9F7B-2C4CFE27A753,573,47FD1A52-5053-80B4-3FF3-16883670216F,2522,,INTRNL_GRP_RL,GRP,Y,NO ACTION,CF3DE062-C036-BB4B-CD40-973C94EBC74B,622,72258BD2-B861-5EA5-E59E-A181A7887431,611,45B51CF5-F332-9462-3D28-2A4557EF6DB0,2220,5
INVSTMNT_PRPRTY_TKN_PSSSSN_NN_FNNCL_ASST_FK,4146278C-4654-567E-9F7B-2C4CFE27A753,573,C1699E67-3AEF-7863-6D2F-A160B53E87ED,2523,,INVSTMNT_PRPRTY_TKN_PSSSSN,NN_FNNCL_ASST,Y,NO ACTION,812C7ACF-7E52-5435-F84E-E869527999D4,624,C6104482-56E4-9DA3-0E81-12B2FA95B595,643,92349381-8D33-C178-B04A-64282353AB8D,2375,6
LN_AND_ADVNC_HDG_INSTRMNT_FK,4146278C-4654-567E-9F7B-2C4CFE27A753,573,857C9404-3A35-9068-CD29-AE49FA83CBA0,2524,,LN_AND_ADVNC_HDG,INSTRMNT,Y,NO ACTION,8639CDA6-BBC2-9673-B648-D9D86D952B76,626,78FCD9B0-DDAB-965F-8D1B-8493C2DE8AE4,614,3B29E294-7228-7024-8F5C-6B374489F484,2224,5
LNG_BLNC_SHT_RCGNSD_SCRTY_PSTN_CLLTRL_RCVD_ASSGNMNT_CLLTRL_RL_FK,4146278C-4654-567E-9F7B-2C4CFE27A753,573,008652AD-071B-1946-3F7C-925D0CD2D925,2525,,LNG_BLNC_SHT_RCGNSD_SCRTY_PSTN_CLLTRL_RCVD_ASSGNMNT,CLLTRL_RL,Y,NO ACTION,13258135-F92F-2BB4-2082-544E6C2A83CE,627,5CB7B07A-47FD-77B3-73DF-3C9CE741167C,584,D0A365D0-2CA3-0A11-944F-8A5D55951F1D,2207,6
LNG_BLNC_SHT_RCGNSD_SCRTY_PSTN_CLLTRL_RCVD_ASSGNMNT_LNG_SHRT_BLNC_SHT_RCGNSD_SCRTY_PSTN_FK,4146278C-4654-567E-9F7B-2C4CFE27A753,573,22689DBC-E06C-D011-8512-AB10A9E9E5F4,2526,,LNG_BLNC_SHT_RCGNSD_SCRTY_PSTN_CLLTRL_RCVD_ASSGNMNT,LNG_SHRT_BLNC_SHT_RCGNSD_SCRTY_PSTN,Y,NO ACTION,13258135-F92F-2BB4-2082-544E6C2A83CE,627,C206EF8A-EF01-0C0A-9AE9-879ACF8B6270,636,C2E031CE-8A12-E071-1D3F-8339F509CA1F,2365,9
LNG_BLNC_SHT_RCGNSD_SCRTY_PSTN_PRDNTL_PRTFL_ACCNTNG_CLSSFCTN_ASSGNMNT_LNG_BLNC_SHT_RCGNSD_SCRTY_PSTN_PRDNTL_PRTFL_ASSGNMNT_FK,4146278C-4654-567E-9F7B-2C4CFE27A753,573,347AD958-E2AA-438C-0575-2E0DB9B98EA5,2527,,LNG_BLNC_SHT_RCGNSD_SCRTY_PSTN_PRDNTL_PRTFL_ACCNTNG_CLSSFCTN_ASSGNMNT,LNG_BLNC_SHT_RCGNSD_SCRTY_PSTN_PRDNTL_PRTFL_ASSGNMNT,Y,NO ACTION,98D345A7-E46F-E979-FC8C-EEE77E454AEE,628,3AF5D2F6-D4B3-02D2-8333-FCDD691F4919,631,D9E5EE39-EFA9-1F52-5BC3-D4B3313EE780,2299,10
LNG_BLNC_SHT_RCGNSD_SCRTY_PSTN_PRDNTL_PRTFL_ACCNTNG_CLSSFCTN_ASSGNMNT_NGAAP_FDCRY_ITM_LNG_BLNC_SHT_RCGNSD_SCRTY_PSTN_PRDNTL_PRTFL_ACCNTNG_CLSSFCTN_ASSGNMNT_FK,4146278C-4654-567E-9F7B-2C4CFE27A753,573,369B7C52-448C-2363-4030-B0A96DA60A2E,2528,,LNG_BLNC_SHT_RCGNSD_SCRTY_PSTN_PRDNTL_PRTFL_ACCNTNG_CLSSFCTN_ASSGNMNT_NGAAP_FDCRY_ITM,LNG_BLNC_SHT_RCGNSD_SCRTY_PSTN_PRDNTL_PRTFL_ACCNTNG_CLSSFCTN_ASSGNMNT,Y,NO ACTION,2D5877F7-F36A-B729-303D-BFC089171C48,629,98D345A7-E46F-E979-FC8C-EEE77E454AEE,628,AD1E645C-DB18-8F95-C86A-E5B8AF5FD853,2346,12
LNG_BLNC_SHT_RCGNSD_SCRTY_PSTN_PRDNTL_PRTFL_ACCNTNG_CLSSFCTN_ASSGNMNT_TKN_PSSSN_LNG_BLNC_SHT_RCGNSD_SCRTY_PSTN_PRDNTL_PRTFL_ACCNTNG_CLSSFCTN_ASSGNMNT_FK,4146278C-4654-567E-9F7B-2C4CFE27A753,573,6F75B93C-DD28-6570-9F68-7E8C41C8DCF2,2529,,LNG_BLNC_SHT_RCGNSD_SCRTY_PSTN_PRDNTL_PRTFL_ACCNTNG_CLSSFCTN_ASSGNMNT_TKN_PSSSN,LNG_BLNC_SHT_RCGNSD_SCRTY_PSTN_PRDNTL_PRTFL_ACCNTNG_CLSSFCTN_ASSGNMNT,Y,NO ACTION,A333198F-E806-6D21-B40D-E348ABC0BC8A,630,98D345A7-E46F-E979-FC8C-EEE77E454AEE,628,AD1E645C-DB18-8F95-C86A-E5B8AF5FD853,2346,12
LNG_BLNC_SHT_RCGNSD_SCRTY_PSTN_PRDNTL_PRTFL_ASSGNMNT_LNG_SHRT_BLNC_SHT_RCGNSD_SCRTY_PSTN_FK,4146278C-4654-567E-9F7B-2C4CFE27A753,573,5F6975BC-CD97-EA50-766E-794C9D49A1FB,2530,,LNG_BLNC_SHT_RCGNSD_SCRTY_PSTN_PRDNTL_PRTFL_ASSGNMNT,LNG_SHRT_BLNC_SHT_RCGNSD_SCRTY_PSTN,Y,NO ACTION,3AF5D2F6-D4B3-02D2-8333-FCDD691F4919,631,C206EF8A-EF01-0C0A-9AE9-879ACF8B6270,636,C2E031CE-8A12-E071-1D3F-8339F509CA1F,2365,9
LNG_BLNC_SHT_RCGNSD_SCRTY_PSTN_PRDNTL_PRTFL_ASSGNMNT_RSK_DT_LNG_BLNC_SHT_RCGNSD_SCRTY_PSTN_PRDNTL_PRTFL_ASSGNMNT_FK,4146278C-4654-567E-9F7B-2C4CFE27A753,573,EB25BB8A-D467-30F6-6F2E-BB72282B6D6C,2531,,LNG_BLNC_SHT_RCGNSD_SCRTY_PSTN_PRDNTL_PRTFL_ASSGNMNT_RSK_DT,LNG_BLNC_SHT_RCGNSD_SCRTY_PSTN_PRDNTL_PRTFL_ASSGNMNT,Y,NO ACTION,C60EA0DC-E00C-5496-FD5D-6972BDD7189F,632,3AF5D2F6-D4B3-02D2-8333-FCDD691F4919,631,D9E5EE39-EFA9-1F52-5BC3-D4B3313EE780,2299,10
LNG_BLNC_SHT_RCGNSD_SCRTY_PSTN_PRTCTN_ARRNGMNT_RCVD_ASSGNMNT_LNG_SHRT_BLNC_SHT_RCGNSD_SCRTY_PSTN_FK,4146278C-4654-567E-9F7B-2C4CFE27A753,573,EB111A97-FC6E-EF4B-CB61-81B1475ED29B,2532,,LNG_BLNC_SHT_RCGNSD_SCRTY_PSTN_PRTCTN_ARRNGMNT_RCVD_ASSGNMNT,LNG_SHRT_BLNC_SHT_RCGNSD_SCRTY_PSTN,Y,NO ACTION,7CB457EA-8A40-1F77-B927-ACA80CB606E0,633,C206EF8A-EF01-0C0A-9AE9-879ACF8B6270,636,C2E031CE-8A12-E071-1D3F-8339F509CA1F,2365,9
LNG_BLNC_SHT_RCGNSD_SCRTY_PSTN_PRTCTN_ARRNGMNT_RCVD_ASSGNMNT_PRTCTN_ARRNGMNT_RL_FK,4146278C-4654-567E-9F7B-2C4CFE27A753,573,8FB330E8-E157-F09A-41DC-AD3540E9A69F,2533,,LNG_BLNC_SHT_RCGNSD_SCRTY_PSTN_PRTCTN_ARRNGMNT_RCVD_ASSGNMNT,PRTCTN_ARRNGMNT_RL,Y,NO ACTION,7CB457EA-8A40-1F77-B927-ACA80CB606E0,633,F72ED3E4-6699-FB3C-63EF-4F15D643A896,651,04AE31A4-4ED5-A8C2-005F-650D7CC6507D,2388,6
LNG_NN_BLNC_SHT_RCGNSD_SCRTY_PSTN_CLLTRL_RCVD_ASSGNMNT_BLNC_SHT_RCGNSD_NN_BLNC_SHT_RCGNSD_SCRTY_PSTN_FK,4146278C-4654-567E-9F7B-2C4CFE27A753,573,32E2671D-3D03-4BE8-5045-8F84CAE5D702,2534,,LNG_NN_BLNC_SHT_RCGNSD_SCRTY_PSTN_CLLTRL_RCVD_ASSGNMNT,BLNC_SHT_RCGNSD_NN_BLNC_SHT_RCGNSD_SCRTY_PSTN,Y,NO ACTION,CC47D0F1-18EA-D2A7-4CB9-C403A5E7CE7D,634,655C0C68-72D3-8E51-3E96-11E562E228AA,581,C9DA1668-DDC6-D049-4A0E-6C972BD34EA4,2212,8
LNG_NN_BLNC_SHT_RCGNSD_SCRTY_PSTN_CLLTRL_RCVD_ASSGNMNT_CLLTRL_RL_FK,4146278C-4654-567E-9F7B-2C4CFE27A753,573,9DC96B64-3CBB-AD6F-BCCF-4271640418EB,2535,,LNG_NN_BLNC_SHT_RCGNSD_SCRTY_PSTN_CLLTRL_RCVD_ASSGNMNT,CLLTRL_RL,Y,NO ACTION,CC47D0F1-18EA-D2A7-4CB9-C403A5E7CE7D,634,5CB7B07A-47FD-77B3-73DF-3C9CE741167C,584,D0A365D0-2CA3-0A11-944F-8A5D55951F1D,2207,6
LNG_NN_BLNC_SHT_RCGNSD_SCRTY_PSTN_PRTCTN_ARRNGMNT_RCVD_ASSGNMNT_BLNC_SHT_RCGNSD_NN_BLNC_SHT_RCGNSD_SCRTY_PSTN_FK,4146278C-4654-567E-9F7B-2C4CFE27A753,573,C0A10EE4-7C6C-A6FC-0FF4-CDC6A65CFC23,2536,,LNG_NN_BLNC_SHT_RCGNSD_SCRTY_PSTN_PRTCTN_ARRNGMNT_RCVD_ASSGNMNT,BLNC_SHT_RCGNSD_NN_BLNC_SHT_RCGNSD_SCRTY_PSTN,Y,NO ACTION,A5FA8595-471B-FE0C-67F0-5C4CCF4D8F23,635,655C0C68-72D3-8E51-3E96-11E562E228AA,581,C9DA1668-DDC6-D049-4A0E-6C972BD34EA4,2212,8
LNG_NN_BLNC_SHT_RCGNSD_SCRTY_PSTN_PRTCTN_ARRNGMNT_RCVD_ASSGNMNT_PRTCTN_ARRNGMNT_RL_FK,4146278C-4654-567E-9F7B-2C4CFE27A753,573,ABB2F711-DAB6-37FD-7BAB-33648FFEEE2C,2537,,LNG_NN_BLNC_SHT_RCGNSD_SCRTY_PSTN_PRTCTN_ARRNGMNT_RCVD_ASSGNMNT,PRTCTN_ARRNGMNT_RL,Y,NO ACTION,A5FA8595-471B-FE0C-67F0-5C4CCF4D8F23,635,F72ED3E4-6699-FB3C-63EF-4F15D643A896,651,04AE31A4-4ED5-A8C2-005F-650D7CC6507D,2388,6
LNG_SHRT_BLNC_SHT_RCGNSD_SCRTY_PSTN_BLNC_SHT_RCGNSD_NN_BLNC_SHT_RCGNSD_SCRTY_PSTN_FK,4146278C-4654-567E-9F7B-2C4CFE27A753,573,E5D64145-104B-646A-C873-A095A09CA18D,2538,,LNG_SHRT_BLNC_SHT_RCGNSD_SCRTY_PSTN,BLNC_SHT_RCGNSD_NN_BLNC_SHT_RCGNSD_SCRTY_PSTN,Y,NO ACTION,C206EF8A-EF01-0C0A-9AE9-879ACF8B6270,636,655C0C68-72D3-8E51-3E96-11E562E228AA,581,C9DA1668-DDC6-D049-4A0E-6C972BD34EA4,2212,8
LNG_SHRT_BLNC_SHT_RCGNSD_SCRTY_PSTN_HDG_LNG_SHRT_BLNC_SHT_RCGNSD_SCRTY_PSTN_FK,4146278C-4654-567E-9F7B-2C4CFE27A753,573,6F504AD3-55FC-E1ED-92E9-B45A16EAE797,2539,,LNG_SHRT_BLNC_SHT_RCGNSD_SCRTY_PSTN_HDG,LNG_SHRT_BLNC_SHT_RCGNSD_SCRTY_PSTN,Y,NO ACTION,DCFB7175-B5C5-25AA-21CF-962EED997030,637,C206EF8A-EF01-0C0A-9AE9-879ACF8B6270,636,C2E031CE-8A12-E071-1D3F-8339F509CA1F,2365,9
LNKD_ENTRPRS_ASSGNMNT_ENTTY_RL_FK,4146278C-4654-567E-9F7B-2C4CFE27A753,573,BB6A62ED-7DBD-6AF0-FD14-D8263154F44A,2540,,LNKD_ENTRPRS_ASSGNMNT,ENTTY_RL,Y,NO ACTION,1699136B-E229-427A-7658-330B1E0120A5,638,803BEA06-D3EE-0043-8C52-BBA01D9ACE34,599,F2730772-7DBF-638A-6804-1368D28BBAA9,2230,6
LNKD_ENTRPRS_ASSGNMNT_PRTY_FK,4146278C-4654-567E-9F7B-2C4CFE27A753,573,EE103E22-550E-9103-B82B-1409FD2A990B,2541,,LNKD_ENTRPRS_ASSGNMNT,PRTY,Y,NO ACTION,1699136B-E229-427A-7658-330B1E0120A5,638,2A1B5F67-294E-2604-0E1A-1B2BF6759CDE,654,E17CEA5A-D775-7728-0933-49547B81FC8D,2290,5
MSTR_AGRMNT_ENTTY_RL_ASSGNMNT_ENTTY_RL_FK,4146278C-4654-567E-9F7B-2C4CFE27A753,573,3BC8C151-333D-7C99-F0E1-A8AEE54D5F3B,2542,,MSTR_AGRMNT_ENTTY_RL_ASSGNMNT,ENTTY_RL,Y,NO ACTION,6E64006B-AE93-53E7-6AD8-06AF3473CE3F,640,803BEA06-D3EE-0043-8C52-BBA01D9ACE34,599,F2730772-7DBF-638A-6804-1368D28BBAA9,2230,6
MSTR_AGRMNT_ENTTY_RL_ASSGNMNT_MSTR_AGRMNT_FK,4146278C-4654-567E-9F7B-2C4CFE27A753,573,D3702DFD-A957-D8A4-7CFC-777A39E96238,2543,,MSTR_AGRMNT_ENTTY_RL_ASSGNMNT,MSTR_AGRMNT,Y,NO ACTION,6E64006B-AE93-53E7-6AD8-06AF3473CE3F,640,4B71F9D2-52C5-B4BC-5D63-F8231B28CA60,639,333FDEF0-DC09-7E0F-6D15-93A1E105F8EA,2313,5
MSTR_AGRMNT_FNNCL_CNTRCT_ASSGNMNT_FNNCL_CNTRCT_FK,4146278C-4654-567E-9F7B-2C4CFE27A753,573,2FC4DD4E-DD32-81F6-93B4-B7D5CE816726,2544,,MSTR_AGRMNT_FNNCL_CNTRCT_ASSGNMNT,FNNCL_CNTRCT,Y,NO ACTION,45323FD7-B136-3EB6-0C86-04C488CAC04F,641,8E2D9E57-FDA2-A909-3C05-B4A0F53B0933,608,C5069EF6-44DA-6B09-F0C3-2514096F0BCD,2238,5
MSTR_AGRMNT_FNNCL_CNTRCT_ASSGNMNT_MSTR_AGRMNT_FK,4146278C-4654-567E-9F7B-2C4CFE27A753,573,7B6A996E-137F-7EB9-7299-864665B99D13,2545,,MSTR_AGRMNT_FNNCL_CNTRCT_ASSGNMNT,MSTR_AGRMNT,Y,NO ACTION,45323FD7-B136-3EB6-0C86-04C488CAC04F,641,4B71F9D2-52C5-B4BC-5D63-F8231B28CA60,639,333FDEF0-DC09-7E0F-6D15-93A1E105F8EA,2313,5
NN_BLNC_SHT_RCGNSD_SCRTY_PSTN_NGAAP_FDCRY_ITM_BLNC_SHT_RCGNSD_NN_BLNC_SHT_RCGNSD_SCRTY_PSTN_FK,4146278C-4654-567E-9F7B-2C4CFE27A753,573,B5F165C9-C2F6-C8B1-4EBE-476295076472,2546,,NN_BLNC_SHT_RCGNSD_SCRTY_PSTN_NGAAP_FDCRY_ITM,BLNC_SHT_RCGNSD_NN_BLNC_SHT_RCGNSD_SCRTY_PSTN,Y,NO ACTION,BB223F11-5714-5717-8A73-A8158605462E,642,655C0C68-72D3-8E51-3E96-11E562E228AA,581,C9DA1668-DDC6-D049-4A0E-6C972BD34EA4,2212,8
NTRL_PRSN_KY_MNGMNT_PRSNLL_ASSGNMNT_ENTTY_RL_FK,4146278C-4654-567E-9F7B-2C4CFE27A753,573,7DF94203-4C8C-651B-7301-EFFDC9BBA260,2547,,NTRL_PRSN_KY_MNGMNT_PRSNLL_ASSGNMNT,ENTTY_RL,Y,NO ACTION,70716D13-F695-A1E9-3CA1-DB8A05FA89BB,645,803BEA06-D3EE-0043-8C52-BBA01D9ACE34,599,F2730772-7DBF-638A-6804-1368D28BBAA9,2230,6
NTRL_PRSN_KY_MNGMNT_PRSNLL_ASSGNMNT_PRTY_FK,4146278C-4654-567E-9F7B-2C4CFE27A753,573,185549DE-BCA9-7AF5-81FE-AF77DCED6E97,2548,,NTRL_PRSN_KY_MNGMNT_PRSNLL_ASSGNMNT,PRTY,Y,NO ACTION,70716D13-F695-A1E9-3CA1-DB8A05FA89BB,645,2A1B5F67-294E-2604-0E1A-1B2BF6759CDE,654,E17CEA5A-D775-7728-0933-49547B81FC8D,2290,5
OTC_DRVTV_HDG_INSTRMNT_FK,4146278C-4654-567E-9F7B-2C4CFE27A753,573,E9FF57BB-BB52-EEF4-7D89-E4C3E770C66D,2549,,OTC_DRVTV_HDG,INSTRMNT,Y,NO ACTION,ACCF3303-F7E7-CB90-2677-B88DDD608961,646,78FCD9B0-DDAB-965F-8D1B-8493C2DE8AE4,614,3B29E294-7228-7024-8F5C-6B374489F484,2224,5
OTC_DRVTV_INSTRMNT_SNTHTC_SCRTSTN_ASSGNMNT_INSTRMNT_FK,4146278C-4654-567E-9F7B-2C4CFE27A753,573,35103974-61D6-1B10-72D4-4E9531B930D0,2550,,OTC_DRVTV_INSTRMNT_SNTHTC_SCRTSTN_ASSGNMNT,INSTRMNT,Y,NO ACTION,822B0681-4DE0-EF19-25BC-0F2072C3F5A0,647,78FCD9B0-DDAB-965F-8D1B-8493C2DE8AE4,614,3B29E294-7228-7024-8F5C-6B374489F484,2224,5
OTC_DRVTV_INSTRMNT_SNTHTC_SCRTSTN_ASSGNMNT_SNTHTC_SCRTSTN_FK,4146278C-4654-567E-9F7B-2C4CFE27A753,573,F62060E5-6D4B-8E67-7479-7CCC3B5B0216,2551,,OTC_DRVTV_INSTRMNT_SNTHTC_SCRTSTN_ASSGNMNT,SNTHTC_SCRTSTN,Y,NO ACTION,822B0681-4DE0-EF19-25BC-0F2072C3F5A0,647,35743473-52E2-7A32-E430-DE888D37B5B3,682,FC439CD1-D999-5B5D-52E7-10BBFF95D2E4,2394,5
OTHR_PRTY_ID_PRTY_CD_FK,4146278C-4654-567E-9F7B-2C4CFE27A753,573,23093A2D-2487-C14C-756A-F7244B22337A,2552,,OTHR_PRTY_ID,PRTY_CD,Y,NO ACTION,3F5A18AC-FD82-BE9C-B8CE-0A184A570419,648,B41D9618-833D-8A0A-7ACF-A29575278D94,655,6D4CEF97-F551-A741-7697-2C69B708EE21,2361,6
PRPRTY_PLNT_EQPMNT_TKN_PSSSSN_NN_FNNCL_ASST_FK,4146278C-4654-567E-9F7B-2C4CFE27A753,573,DA4D585C-EF54-79C3-91B9-B285C3B58DEA,2553,,PRPRTY_PLNT_EQPMNT_TKN_PSSSSN,NN_FNNCL_ASST,Y,NO ACTION,417DCF97-7498-FB2E-2339-96E5BA8A32B1,649,C6104482-56E4-9DA3-0E81-12B2FA95B595,643,92349381-8D33-C178-B04A-64282353AB8D,2375,6
PRTCTN_ARRNGMNT_RL_PRTCTN_ARRNGMNT_FK,4146278C-4654-567E-9F7B-2C4CFE27A753,573,E5E2EE7C-4179-3B3F-7728-9BBB61F469D5,2554,,PRTCTN_ARRNGMNT_RL,PRTCTN_ARRNGMNT,Y,NO ACTION,F72ED3E4-6699-FB3C-63EF-4F15D643A896,651,66BC86EB-EAD8-F239-8100-73DF122B8272,650,2B325978-27BA-1EB1-382F-CC40E35319DF,2320,5
PRTCTN_PRTCTN_PRVD_ASSGNMNT_ENTTY_RL_FK,4146278C-4654-567E-9F7B-2C4CFE27A753,573,903C2D78-3822-1B6E-9814-025C521CE507,2555,,PRTCTN_PRTCTN_PRVD_ASSGNMNT,ENTTY_RL,Y,NO ACTION,6CE1F146-53DD-6155-3CFC-68736EA20D89,652,803BEA06-D3EE-0043-8C52-BBA01D9ACE34,599,F2730772-7DBF-638A-6804-1368D28BBAA9,2230,6
PRTCTN_PRTCTN_PRVD_ASSGNMNT_PRTCTN_ARRNGMNT_FK,4146278C-4654-567E-9F7B-2C4CFE27A753,573,E4C6E654-8945-E438-E0EA-8AFD4B1B3280,2556,,PRTCTN_PRTCTN_PRVD_ASSGNMNT,PRTCTN_ARRNGMNT,Y,NO ACTION,6CE1F146-53DD-6155-3CFC-68736EA20D89,652,66BC86EB-EAD8-F239-8100-73DF122B8272,650,2B325978-27BA-1EB1-382F-CC40E35319DF,2320,5
PRTNR_ENTRPRS_ASSGNMNT_ENTTY_RL_FK,4146278C-4654-567E-9F7B-2C4CFE27A753,573,E33321D8-D80A-626F-1A18-A57C32A862AD,2557,,PRTNR_ENTRPRS_ASSGNMNT,ENTTY_RL,Y,NO ACTION,84CC2659-07E8-85DB-4908-818BAFAF2E67,653,803BEA06-D3EE-0043-8C52-BBA01D9ACE34,599,F2730772-7DBF-638A-6804-1368D28BBAA9,2230,6
PRTNR_ENTRPRS_ASSGNMNT_PRTY_FK,4146278C-4654-567E-9F7B-2C4CFE27A753,573,51DAFC8B-68F0-E9BD-603C-340A1F23DABF,2558,,PRTNR_ENTRPRS_ASSGNMNT,PRTY,Y,NO ACTION,84CC2659-07E8-85DB-4908-818BAFAF2E67,653,2A1B5F67-294E-2604-0E1A-1B2BF6759CDE,654,E17CEA5A-D775-7728-0933-49547B81FC8D,2290,5
PRTY_CD_PRTY_FK,4146278C-4654-567E-9F7B-2C4CFE27A753,573,2C66826D-0702-86FF-3FD0-A2B5C237B623,2559,,PRTY_CD,PRTY,Y,NO ACTION,B41D9618-833D-8A0A-7ACF-A29575278D94,655,2A1B5F67-294E-2604-0E1A-1B2BF6759CDE,654,E17CEA5A-D775-7728-0933-49547B81FC8D,2290,5
PRTY_GRP_FK,4146278C-4654-567E-9F7B-2C4CFE27A753,573,97F44101-3B40-0FCD-89B2-D2C644C4D06A,2560,,PRTY,GRP,Y,NO ACTION,2A1B5F67-294E-2604-0E1A-1B2BF6759CDE,654,72258BD2-B861-5EA5-E59E-A181A7887431,611,45B51CF5-F332-9462-3D28-2A4557EF6DB0,2220,5
PRTY_PRTY_FK,4146278C-4654-567E-9F7B-2C4CFE27A753,573,8C1EAAC2-652C-2A19-C9CC-0C77C75CF74E,2561,,PRTY,PRTY,Y,NO ACTION,2A1B5F67-294E-2604-0E1A-1B2BF6759CDE,654,2A1B5F67-294E-2604-0E1A-1B2BF6759CDE,654,E17CEA5A-D775-7728-0933-49547B81FC8D,2290,5
PRTY_PRTY_FKv2,4146278C-4654-567E-9F7B-2C4CFE27A753,573,187C8977-11EA-FE3C-01F4-875DE71E7568,2562,,PRTY,PRTY,Y,NO ACTION,2A1B5F67-294E-2604-0E1A-1B2BF6759CDE,654,2A1B5F67-294E-2604-0E1A-1B2BF6759CDE,654,E17CEA5A-D775-7728-0933-49547B81FC8D,2290,5
PRTY_PRVS_PRD_DT_PRTY_FK,4146278C-4654-567E-9F7B-2C4CFE27A753,573,705799FA-25B5-E507-A3AA-983325DDDCFF,2563,,PRTY_PRVS_PRD_DT,PRTY,Y,NO ACTION,B2FD6A6B-1734-41A6-6642-E645504BDF37,656,2A1B5F67-294E-2604-0E1A-1B2BF6759CDE,654,E17CEA5A-D775-7728-0933-49547B81FC8D,2290,5
RPRCHS_TRNSCTN_GLD_GVN_ASSGNMNT_INSTRMNT_FK,4146278C-4654-567E-9F7B-2C4CFE27A753,573,A7487833-D3B4-6B0B-2ADE-39F165C45EF6,2564,,RPRCHS_TRNSCTN_GLD_GVN_ASSGNMNT,INSTRMNT,Y,NO ACTION,2D0A474B-97B8-D652-9AC0-72436E46243B,657,78FCD9B0-DDAB-965F-8D1B-8493C2DE8AE4,614,3B29E294-7228-7024-8F5C-6B374489F484,2224,5
RPRCHS_TRNSCTN_GLD_GVN_ASSGNMNT_NN_FNNCL_ASST_FK,4146278C-4654-567E-9F7B-2C4CFE27A753,573,A818C5D1-4489-AB97-F2DE-D7D7FE032E66,2565,,RPRCHS_TRNSCTN_GLD_GVN_ASSGNMNT,NN_FNNCL_ASST,Y,NO ACTION,2D0A474B-97B8-D652-9AC0-72436E46243B,657,C6104482-56E4-9DA3-0E81-12B2FA95B595,643,92349381-8D33-C178-B04A-64282353AB8D,2375,6
RPRCHS_TRNSCTN_LNG_BLNC_SHT_RCGNSD_SCRTY_PSTN_GVN_ASSGNMNT_INSTRMNT_FK,4146278C-4654-567E-9F7B-2C4CFE27A753,573,0A143C51-D4A8-3AD3-0734-7BEF3CFE33EC,2566,,RPRCHS_TRNSCTN_LNG_BLNC_SHT_RCGNSD_SCRTY_PSTN_GVN_ASSGNMNT,INSTRMNT,Y,NO ACTION,C591B2F8-9026-EB21-10EC-D56EAF3AC863,658,78FCD9B0-DDAB-965F-8D1B-8493C2DE8AE4,614,3B29E294-7228-7024-8F5C-6B374489F484,2224,5
RPRCHS_TRNSCTN_LNG_BLNC_SHT_RCGNSD_SCRTY_PSTN_GVN_ASSGNMNT_LNG_SHRT_BLNC_SHT_RCGNSD_SCRTY_PSTN_FK,4146278C-4654-567E-9F7B-2C4CFE27A753,573,E22E1D54-07C8-0D62-B0D8-F4ED5B9F91AB,2567,,RPRCHS_TRNSCTN_LNG_BLNC_SHT_RCGNSD_SCRTY_PSTN_GVN_ASSGNMNT,LNG_SHRT_BLNC_SHT_RCGNSD_SCRTY_PSTN,Y,NO ACTION,C591B2F8-9026-EB21-10EC-D56EAF3AC863,658,C206EF8A-EF01-0C0A-9AE9-879ACF8B6270,636,C2E031CE-8A12-E071-1D3F-8339F509CA1F,2365,9
RPRCHS_TRNSCTN_NN_BLNC_SHT_RCGNSD_SCRTY_PSTN_ASSGNMNT_BLNC_SHT_RCGNSD_NN_BLNC_SHT_RCGNSD_SCRTY_PSTN_FKv2,4146278C-4654-567E-9F7B-2C4CFE27A753,573,3EF0A602-F4B0-6D86-AFF1-F83737977412,2568,,RPRCHS_TRNSCTN_NN_BLNC_SHT_RCGNSD_SCRTY_PSTN_ASSGNMNT,BLNC_SHT_RCGNSD_NN_BLNC_SHT_RCGNSD_SCRTY_PSTN,Y,NO ACTION,CAA2C866-3952-1890-A82C-30BEF53C35E2,659,655C0C68-72D3-8E51-3E96-11E562E228AA,581,C9DA1668-DDC6-D049-4A0E-6C972BD34EA4,2212,8
RPRCHS_TRNSCTN_NN_BLNC_SHT_RCGNSD_SCRTY_PSTN_ASSGNMNT_INSTRMNT_FKv2,4146278C-4654-567E-9F7B-2C4CFE27A753,573,349CBF99-3FE2-0FAC-58F6-46EF451C3E0D,2569,,RPRCHS_TRNSCTN_NN_BLNC_SHT_RCGNSD_SCRTY_PSTN_ASSGNMNT,INSTRMNT,Y,NO ACTION,CAA2C866-3952-1890-A82C-30BEF53C35E2,659,78FCD9B0-DDAB-965F-8D1B-8493C2DE8AE4,614,3B29E294-7228-7024-8F5C-6B374489F484,2224,5
RSK_FAC_SA_ENTTY_RL_FK,4146278C-4654-567E-9F7B-2C4CFE27A753,573,D970DFB6-858D-8BCC-FD68-CC5EC86B4F76,2570,,RSK_FAC_SA,ENTTY_RL,Y,NO ACTION,264BCB3B-FDA9-6DE4-1B70-8D43AD92609B,660,803BEA06-D3EE-0043-8C52-BBA01D9ACE34,599,F2730772-7DBF-638A-6804-1368D28BBAA9,2230,6
RSK_FAC_SA_SCRTY_EXCHNG_TRDBL_DRVTV_FKv2,4146278C-4654-567E-9F7B-2C4CFE27A753,573,9960E617-4E68-AB4D-29E1-2FDEFD1CCB2E,2571,,RSK_FAC_SA,SCRTY_EXCHNG_TRDBL_DRVTV,Y,NO ACTION,264BCB3B-FDA9-6DE4-1B70-8D43AD92609B,660,6A4601ED-9BA6-B6D6-E8D3-8AB3A8F0DEE5,674,CA2BE309-6D7B-34D2-DD56-8045CD012B62,2397,5
RTNG_AGNCY_EXCSS_MTHDLGY_CVRD_BND_PRGRMM_ASSGNMNT_CVRD_BND_PRGRM_FK,4146278C-4654-567E-9F7B-2C4CFE27A753,573,20F9D5F2-5E30-F0E7-49C7-7E088B75D5AD,2572,,RTNG_AGNCY_EXCSS_MTHDLGY_CVRD_BND_PRGRMM_ASSGNMNT,CVRD_BND_PRGRM,Y,NO ACTION,55B3CE22-22CC-9D9A-FCF0-BD4CE6B5A01A,662,D688C2C1-7E4A-8CBF-648E-F1A42450DB41,593,62C1584B-640D-F794-484C-B41B77B780AD,2259,5
RTNG_AGNCY_EXCSS_MTHDLGY_CVRD_BND_PRGRMM_ASSGNMNT_RTNG_AGNCY_FK,4146278C-4654-567E-9F7B-2C4CFE27A753,573,9407C185-7CBE-A872-142C-940FCA16D37F,2573,,RTNG_AGNCY_EXCSS_MTHDLGY_CVRD_BND_PRGRMM_ASSGNMNT,RTNG_AGNCY,Y,NO ACTION,55B3CE22-22CC-9D9A-FCF0-BD4CE6B5A01A,662,9E43AB21-9280-30F0-EA62-1F04945CEBFB,661,18851EED-1367-A651-8D60-FCE5BFEA3BA8,2350,1
RTNG_GRD_CNTRL_BNK_PRVT_SCTR_CMPN_ASSGNMNT_PRTY_FK,4146278C-4654-567E-9F7B-2C4CFE27A753,573,C6737416-2135-6EE5-5BAF-C5E8F20E179C,2574,,RTNG_GRD_CNTRL_BNK_PRVT_SCTR_CMPN_ASSGNMNT,PRTY,Y,NO ACTION,4C0C4115-43D6-FFC8-C6FB-7F47BC77D98D,664,2A1B5F67-294E-2604-0E1A-1B2BF6759CDE,654,E17CEA5A-D775-7728-0933-49547B81FC8D,2290,5
RTNG_GRD_CNTRL_BNK_PRVT_SCTR_CMPN_ASSGNMNT_RTNG_GRD_FK,4146278C-4654-567E-9F7B-2C4CFE27A753,573,9338643E-A314-4020-2574-4D6158797FC9,2575,,RTNG_GRD_CNTRL_BNK_PRVT_SCTR_CMPN_ASSGNMNT,RTNG_GRD,Y,NO ACTION,4C0C4115-43D6-FFC8-C6FB-7F47BC77D98D,664,4573C443-8701-693D-167D-5F66060E818A,663,7DD6A1FD-BB00-EF6E-F16F-EE3452CBDA73,2308,3
RTNG_GRD_CNTRY_ASSGNMNT_RTNG_GRD_FK,4146278C-4654-567E-9F7B-2C4CFE27A753,573,5F2B633A-1E00-FCDE-0D41-C347352444EA,2576,,RTNG_GRD_CNTRY_ASSGNMNT,RTNG_GRD,Y,NO ACTION,189A94D2-FF7D-A285-8842-2241CDB0D2B2,665,4573C443-8701-693D-167D-5F66060E818A,663,7DD6A1FD-BB00-EF6E-F16F-EE3452CBDA73,2308,3
RTNG_GRD_ISS_BSD_RTNG_SSTM_DBT_SCRTY_ASSGNMNT_RTNG_GRD_FK,4146278C-4654-567E-9F7B-2C4CFE27A753,573,743216DF-D944-48CD-CBD7-5D1C2D128153,2577,,RTNG_GRD_ISS_BSD_RTNG_SSTM_DBT_SCRTY_ASSGNMNT,RTNG_GRD,Y,NO ACTION,BB84B589-B1CD-005F-5FD6-7D9AACBDDB7B,666,4573C443-8701-693D-167D-5F66060E818A,663,7DD6A1FD-BB00-EF6E-F16F-EE3452CBDA73,2308,3
RTNG_GRD_ISS_BSD_RTNG_SSTM_DBT_SCRTY_ASSGNMNT_SCRTY_EXCHNG_TRDBL_DRVTV_FK,4146278C-4654-567E-9F7B-2C4CFE27A753,573,84DC00F3-C79A-9112-872C-EED16A41759E,2578,,RTNG_GRD_ISS_BSD_RTNG_SSTM_DBT_SCRTY_ASSGNMNT,SCRTY_EXCHNG_TRDBL_DRVTV,Y,NO ACTION,BB84B589-B1CD-005F-5FD6-7D9AACBDDB7B,666,6A4601ED-9BA6-B6D6-E8D3-8AB3A8F0DEE5,674,CA2BE309-6D7B-34D2-DD56-8045CD012B62,2397,5
RTNG_GRD_RTNG_SYSTM_FKv2,4146278C-4654-567E-9F7B-2C4CFE27A753,573,6859A946-2FB8-9397-B407-655F3E47A306,2579,,RTNG_GRD,RTNG_SYSTM,Y,NO ACTION,4573C443-8701-693D-167D-5F66060E818A,663,85EB383A-D236-E31B-D1E4-7A96AE999F56,667,2C07B319-8893-63C9-113E-3E7EA4D53420,2406,2
RTNG_SYSTM_APPLD_LGL_PRSN_PRTY_FK,4146278C-4654-567E-9F7B-2C4CFE27A753,573,26D41FE5-A6D7-1982-7C96-03B39B74D303,2580,,RTNG_SYSTM_APPLD_LGL_PRSN,PRTY,Y,NO ACTION,C85B4257-0A52-6F1E-0E90-487A18880742,668,2A1B5F67-294E-2604-0E1A-1B2BF6759CDE,654,E17CEA5A-D775-7728-0933-49547B81FC8D,2290,5
RTNG_SYSTM_APPLD_LGL_PRSN_RTNG_SYSTM_FK,4146278C-4654-567E-9F7B-2C4CFE27A753,573,D87DFA40-7B3E-E710-5A22-E8912BFCE068,2581,,RTNG_SYSTM_APPLD_LGL_PRSN,RTNG_SYSTM,Y,NO ACTION,C85B4257-0A52-6F1E-0E90-487A18880742,668,85EB383A-D236-E31B-D1E4-7A96AE999F56,667,2C07B319-8893-63C9-113E-3E7EA4D53420,2406,2
RTNG_SYSTM_RTNG_AGNCY_FK,4146278C-4654-567E-9F7B-2C4CFE27A753,573,5720D87D-919D-090F-A68F-77E814F5791E,2582,,RTNG_SYSTM,RTNG_AGNCY,Y,NO ACTION,85EB383A-D236-E31B-D1E4-7A96AE999F56,667,9E43AB21-9280-30F0-EA62-1F04945CEBFB,661,18851EED-1367-A651-8D60-FCE5BFEA3BA8,2350,1
SBSDRY_JNT_VNTR_ASSCT_OTHR_ORGNSTN_ASSGNMNT_ENTTY_RL_FK,4146278C-4654-567E-9F7B-2C4CFE27A753,573,28B9EEEB-1B5F-0B4B-848E-1AC008AD243C,2583,,SBSDRY_JNT_VNTR_ASSCT_OTHR_ORGNSTN_ASSGNMNT,ENTTY_RL,Y,NO ACTION,C3AECAB7-CE75-C794-A01A-E8E368A87F7B,669,803BEA06-D3EE-0043-8C52-BBA01D9ACE34,599,F2730772-7DBF-638A-6804-1368D28BBAA9,2230,6
SBSDRY_JNT_VNTR_ASSCT_OTHR_ORGNSTN_ASSGNMNT_GRP_FKv3,4146278C-4654-567E-9F7B-2C4CFE27A753,573,2810DAAC-4C9D-A4D5-24AE-3D2D43A65DBF,2584,,SBSDRY_JNT_VNTR_ASSCT_OTHR_ORGNSTN_ASSGNMNT,GRP,Y,NO ACTION,C3AECAB7-CE75-C794-A01A-E8E368A87F7B,669,72258BD2-B861-5EA5-E59E-A181A7887431,611,45B51CF5-F332-9462-3D28-2A4557EF6DB0,2220,5
SCRTY_BRRWNG_CMPNNT_SCRTY_CLLTRL_ASSGNMNT_CLLTRL_FK,4146278C-4654-567E-9F7B-2C4CFE27A753,573,7F718D39-45F3-2533-7D00-CC070CC0C15F,2585,,SCRTY_BRRWNG_CMPNNT_SCRTY_CLLTRL_ASSGNMNT,CLLTRL,Y,NO ACTION,72741C5A-0424-5CF5-7292-3A7EA204A0DA,670,564BCD37-65A0-BB18-6D8B-9A81B0870863,582,380B8B11-4EF8-7370-6FC2-DF98850D011C,2204,5
SCRTY_BRRWNG_CMPNNT_SCRTY_CLLTRL_ASSGNMNT_SCRTY_BRRWNG_LNDNG_TRNSCTN_INCLDNG_CSH_CLLTRL_FKv2,4146278C-4654-567E-9F7B-2C4CFE27A753,573,11EF05EC-CEFC-6EAE-C1A7-B6B47E8F93C0,2586,,SCRTY_BRRWNG_CMPNNT_SCRTY_CLLTRL_ASSGNMNT,SCRTY_BRRWNG_LNDNG_TRNSCTN_INCLDNG_CSH_CLLTRL,Y,NO ACTION,72741C5A-0424-5CF5-7292-3A7EA204A0DA,670,6BC51580-FE8E-3813-6F13-4D62ADA2CF64,671,3A861409-DFFA-2039-191B-FD6776DE2CA0,2398,5
SCRTY_BRRWNG_LNDNG_TRNSCTN_INCLDNG_CSH_CLLTRL_INSTRMNT_FKv3,4146278C-4654-567E-9F7B-2C4CFE27A753,573,7EEFEFC1-C56C-0697-153F-4101685BB623,2587,,SCRTY_BRRWNG_LNDNG_TRNSCTN_INCLDNG_CSH_CLLTRL,INSTRMNT,Y,NO ACTION,6BC51580-FE8E-3813-6F13-4D62ADA2CF64,671,78FCD9B0-DDAB-965F-8D1B-8493C2DE8AE4,614,3B29E294-7228-7024-8F5C-6B374489F484,2224,5
SCRTY_CLLTRL_LNDNG_CMPNNT_SCRTY_CLLTRL_ASSGNMNT_CLLTRL_FK,4146278C-4654-567E-9F7B-2C4CFE27A753,573,55AF01A2-8177-446A-C425-B67269D72CEC,2588,,SCRTY_CLLTRL_LNDNG_CMPNNT_SCRTY_CLLTRL_ASSGNMNT,CLLTRL,Y,NO ACTION,B3F14FB1-87A7-D9FC-74E9-B78095671749,672,564BCD37-65A0-BB18-6D8B-9A81B0870863,582,380B8B11-4EF8-7370-6FC2-DF98850D011C,2204,5
SCRTY_CLLTRL_LNDNG_CMPNNT_SCRTY_CLLTRL_ASSGNMNT_SCRTY_BRRWNG_LNDNG_TRNSCTN_INCLDNG_CSH_CLLTRL_FKv2,4146278C-4654-567E-9F7B-2C4CFE27A753,573,0508FD30-F57C-F836-52E4-7D369C1E8C66,2589,,SCRTY_CLLTRL_LNDNG_CMPNNT_SCRTY_CLLTRL_ASSGNMNT,SCRTY_BRRWNG_LNDNG_TRNSCTN_INCLDNG_CSH_CLLTRL,Y,NO ACTION,B3F14FB1-87A7-D9FC-74E9-B78095671749,672,6BC51580-FE8E-3813-6F13-4D62ADA2CF64,671,3A861409-DFFA-2039-191B-FD6776DE2CA0,2398,5
SCRTY_ENTTY_RL_ASSGNMNT_ENTTY_RL_FKv2,4146278C-4654-567E-9F7B-2C4CFE27A753,573,138B3FF4-857C-FB06-43AE-B86EF9289612,2590,,SCRTY_ENTTY_RL_ASSGNMNT,ENTTY_RL,Y,NO ACTION,B476315B-AEC4-1AD3-1201-DBEE72226850,673,803BEA06-D3EE-0043-8C52-BBA01D9ACE34,599,F2730772-7DBF-638A-6804-1368D28BBAA9,2230,6
SCRTY_ENTTY_RL_ASSGNMNT_SCRTY_EXCHNG_TRDBL_DRVTV_FKv3,4146278C-4654-567E-9F7B-2C4CFE27A753,573,DB22D8F0-1DFB-DFF4-0AC6-0497C94B6070,2591,,SCRTY_ENTTY_RL_ASSGNMNT,SCRTY_EXCHNG_TRDBL_DRVTV,Y,NO ACTION,B476315B-AEC4-1AD3-1201-DBEE72226850,673,6A4601ED-9BA6-B6D6-E8D3-8AB3A8F0DEE5,674,CA2BE309-6D7B-34D2-DD56-8045CD012B62,2397,5
SCRTY_HDGD_EXCHNG_TRDBL_DRVTV_EXCHNG_TRDBL_DRVTV_PSTN_RL_FK,4146278C-4654-567E-9F7B-2C4CFE27A753,573,DA092991-6A56-688C-8DE1-A4D3162C20D3,2592,,SCRTY_HDGD_EXCHNG_TRDBL_DRVTV,EXCHNG_TRDBL_DRVTV_PSTN_RL,Y,NO ACTION,78D94E62-A2A6-4104-9753-97C607C326D0,675,87BE6312-3EA1-0C71-0B5F-9F648564E0E9,604,C9548316-0FC7-163D-246E-C45967B553EC,2235,10
SCRTY_HDGD_EXCHNG_TRDBL_DRVTV_LNG_SHRT_BLNC_SHT_RCGNSD_SCRTY_PSTN_FK,4146278C-4654-567E-9F7B-2C4CFE27A753,573,976570C6-02D1-A14A-998C-2C931726F3BE,2593,,SCRTY_HDGD_EXCHNG_TRDBL_DRVTV,LNG_SHRT_BLNC_SHT_RCGNSD_SCRTY_PSTN,Y,NO ACTION,78D94E62-A2A6-4104-9753-97C607C326D0,675,C206EF8A-EF01-0C0A-9AE9-879ACF8B6270,636,C2E031CE-8A12-E071-1D3F-8339F509CA1F,2365,9
SCRTY_LNDNG_CMPNNT_SCRTY_ASSGNMNT_SCRTY_BRRWNG_LNDNG_TRNSCTN_INCLDNG_CSH_CLLTRL_FKv2,4146278C-4654-567E-9F7B-2C4CFE27A753,573,1B483486-3F6A-A932-5455-E23C8193BE25,2594,,SCRTY_LNDNG_CMPNNT_SCRTY_ASSGNMNT,SCRTY_BRRWNG_LNDNG_TRNSCTN_INCLDNG_CSH_CLLTRL,Y,NO ACTION,B847457A-B48F-4F98-061D-6DCA116D309A,676,6BC51580-FE8E-3813-6F13-4D62ADA2CF64,671,3A861409-DFFA-2039-191B-FD6776DE2CA0,2398,5
SCRTY_LNDNG_CMPNNT_SCRTY_ASSGNMNT_SCRTY_EXCHNG_TRDBL_DRVTV_FK,4146278C-4654-567E-9F7B-2C4CFE27A753,573,57AE2CE6-951C-3B86-CDCA-6F74B204CD15,2595,,SCRTY_LNDNG_CMPNNT_SCRTY_ASSGNMNT,SCRTY_EXCHNG_TRDBL_DRVTV,Y,NO ACTION,B847457A-B48F-4F98-061D-6DCA116D309A,676,6A4601ED-9BA6-B6D6-E8D3-8AB3A8F0DEE5,674,CA2BE309-6D7B-34D2-DD56-8045CD012B62,2397,5
SCRTY_PSTN_ENTTY_RL_FK,4146278C-4654-567E-9F7B-2C4CFE27A753,573,02C4893B-C24F-72FA-03ED-FD0B904BF252,2596,,SCRTY_PSTN,ENTTY_RL,Y,NO ACTION,DD64CA26-E9D8-8EFB-3038-E647952F5215,677,803BEA06-D3EE-0043-8C52-BBA01D9ACE34,599,F2730772-7DBF-638A-6804-1368D28BBAA9,2230,6
SCRTY_PSTN_HDGD_OTC_DRVTV_LNG_SHRT_BLNC_SHT_RCGNSD_SCRTY_PSTN_FK,4146278C-4654-567E-9F7B-2C4CFE27A753,573,CB169455-E31A-6C46-823E-3EC2553DA067,2597,,SCRTY_PSTN_HDGD_OTC_DRVTV,LNG_SHRT_BLNC_SHT_RCGNSD_SCRTY_PSTN,Y,NO ACTION,DA160F3C-4D8A-153E-069A-F5F0C8A30D39,678,C206EF8A-EF01-0C0A-9AE9-879ACF8B6270,636,C2E031CE-8A12-E071-1D3F-8339F509CA1F,2365,9
SCRTY_PSTN_HDGD_OTC_DRVTV_OTC_DRVTV_HDG_FK,4146278C-4654-567E-9F7B-2C4CFE27A753,573,C4A7025F-33A5-4B8A-725E-6D028D569C18,2598,,SCRTY_PSTN_HDGD_OTC_DRVTV,OTC_DRVTV_HDG,Y,NO ACTION,DA160F3C-4D8A-153E-069A-F5F0C8A30D39,678,ACCF3303-F7E7-CB90-2677-B88DDD608961,646,FEF6A50F-7C30-7F7F-D814-BD55D4D4AEE2,2356,5
SCRTY_PSTN_SCRTY_EXCHNG_TRDBL_DRVTV_FK,4146278C-4654-567E-9F7B-2C4CFE27A753,573,53958859-D40E-D5D8-E434-4E902A6490C5,2599,,SCRTY_PSTN,SCRTY_EXCHNG_TRDBL_DRVTV,Y,NO ACTION,DD64CA26-E9D8-8EFB-3038-E647952F5215,677,6A4601ED-9BA6-B6D6-E8D3-8AB3A8F0DEE5,674,CA2BE309-6D7B-34D2-DD56-8045CD012B62,2397,5
SHRT_BLNC_SHT_RCGNSD_SCRTY_PSTN_NGAAP_FDCRY_ITM_LNG_SHRT_BLNC_SHT_RCGNSD_SCRTY_PSTN_FK,4146278C-4654-567E-9F7B-2C4CFE27A753,573,3946CEDF-AD99-97D2-1988-0BE185628BC2,2600,,SHRT_BLNC_SHT_RCGNSD_SCRTY_PSTN_NGAAP_FDCRY_ITM,LNG_SHRT_BLNC_SHT_RCGNSD_SCRTY_PSTN,Y,NO ACTION,90D426EA-48D2-0650-F50A-B9B135F4CCA5,680,C206EF8A-EF01-0C0A-9AE9-879ACF8B6270,636,C2E031CE-8A12-E071-1D3F-8339F509CA1F,2365,9
SHRT_BLNC_SHT_RCGNSD_SCRTY_PSTN_PRDNTL_PRTFL_ASSGNMNT_LNG_SHRT_BLNC_SHT_RCGNSD_SCRTY_PSTN_FK,4146278C-4654-567E-9F7B-2C4CFE27A753,573,F9153C68-6D8C-BEEC-1853-A70ACFB0C29D,2601,,SHRT_BLNC_SHT_RCGNSD_SCRTY_PSTN_PRDNTL_PRTFL_ASSGNMNT,LNG_SHRT_BLNC_SHT_RCGNSD_SCRTY_PSTN,Y,NO ACTION,31E39543-F031-1833-CF6E-FDF01D1EC577,681,C206EF8A-EF01-0C0A-9AE9-879ACF8B6270,636,C2E031CE-8A12-E071-1D3F-8339F509CA1F,2365,9
SNTHTC_SCRTSTN_ASST_PL_FK,4146278C-4654-567E-9F7B-2C4CFE27A753,573,229675E1-F5AE-1826-DDA4-752D4A6A964F,2602,,SNTHTC_SCRTSTN,ASST_PL,Y,NO ACTION,35743473-52E2-7A32-E430-DE888D37B5B3,682,E132F12C-6288-DDBA-7C74-5D063EE6EB89,574,FA813CD5-5703-03B8-F2FE-B74E4AD14185,2267,5
TRDTNL_SCRTSTN_ASST_PL_FK,4146278C-4654-567E-9F7B-2C4CFE27A753,573,D2693570-36AA-C609-D5E5-42893ECDB792,2603,,TRDTNL_SCRTSTN,ASST_PL,Y,NO ACTION,8CC6FBAE-AC1F-812B-1035-09A87691B0D6,684,E132F12C-6288-DDBA-7C74-5D063EE6EB89,574,FA813CD5-5703-03B8-F2FE-B74E4AD14185,2267,5
TRDTNL_SCRTSTN_CRDT_FCLTY_FK,4146278C-4654-567E-9F7B-2C4CFE27A753,573,F5362BE0-DE86-63B9-89F7-6F32E62A9186,2604,,TRDTNL_SCRTSTN,CRDT_FCLTY,Y,NO ACTION,8CC6FBAE-AC1F-812B-1035-09A87691B0D6,684,7FDE767A-AD5E-EF88-C9BF-1E8A9334889A,585,4A604602-4AE2-9C62-B66F-2DD492CCF3A1,2228,5
TRNCH_SYNTHTC_SCRTSTN_WTHT_SSPE_DPST_INSTRMNT_FK,4146278C-4654-567E-9F7B-2C4CFE27A753,573,8A3B70FB-436D-66C2-10F1-7310B44C6116,2605,,TRNCH_SYNTHTC_SCRTSTN_WTHT_SSPE_DPST,INSTRMNT,Y,NO ACTION,B83C989F-015C-3A0E-5D44-8BD531DC65CF,685,78FCD9B0-DDAB-965F-8D1B-8493C2DE8AE4,614,3B29E294-7228-7024-8F5C-6B374489F484,2224,5
TRNCH_SYNTHTC_SCRTSTN_WTHT_SSPE_DPST_SNTHTC_SCRTSTN_FK,4146278C-4654-567E-9F7B-2C4CFE27A753,573,AED72FA8-7BDF-FFE3-A2A2-C66B083C144B,2606,,TRNCH_SYNTHTC_SCRTSTN_WTHT_SSPE_DPST,SNTHTC_SCRTSTN,Y,NO ACTION,B83C989F-015C-3A0E-5D44-8BD531DC65CF,685,35743473-52E2-7A32-E430-DE888D37B5B3,682,FC439CD1-D999-5B5D-52E7-10BBFF95D2E4,2394,5
TRNCH_SYNTHTC_SCRTSTN_WTHT_SSPE_FNNCL_GRNT_INSTRMNT_FK,4146278C-4654-567E-9F7B-2C4CFE27A753,573,A9C3EDBD-8A00-3F3F-CA53-3DC24730AFA5,2607,,TRNCH_SYNTHTC_SCRTSTN_WTHT_SSPE_FNNCL_GRNT,INSTRMNT,Y,NO ACTION,CBE080A1-7265-27E4-17C9-85C256BC20B3,686,78FCD9B0-DDAB-965F-8D1B-8493C2DE8AE4,614,3B29E294-7228-7024-8F5C-6B374489F484,2224,5
TRNCH_SYNTHTC_SCRTSTN_WTHT_SSPE_FNNCL_GRNT_SNTHTC_SCRTSTN_FK,4146278C-4654-567E-9F7B-2C4CFE27A753,573,9D8B5978-59A6-BA27-759D-8EF2F216081D,2608,,TRNCH_SYNTHTC_SCRTSTN_WTHT_SSPE_FNNCL_GRNT,SNTHTC_SCRTSTN,Y,NO ACTION,CBE080A1-7265-27E4-17C9-85C256BC20B3,686,35743473-52E2-7A32-E430-DE888D37B5B3,682,FC439CD1-D999-5B5D-52E7-10BBFF95D2E4,2394,5
TRNCH_TRDTNL_SCRTSTN_SCRTY_EXCHNG_TRDBL_DRVTV_FK,4146278C-4654-567E-9F7B-2C4CFE27A753,573,4917364E-9494-6503-BAC6-8C4D2144F08C,2609,,TRNCH_TRDTNL_SCRTSTN,SCRTY_EXCHNG_TRDBL_DRVTV,Y,NO ACTION,979B83AA-1D37-419F-37C1-67D017838A71,687,6A4601ED-9BA6-B6D6-E8D3-8AB3A8F0DEE5,674,CA2BE309-6D7B-34D2-DD56-8045CD012B62,2397,5
TRNCH_TRDTNL_SCRTSTN_TRDTNL_SCRTSTN_FK,4146278C-4654-567E-9F7B-2C4CFE27A753,573,7B1CB2B9-BD20-C76B-DB54-49EAEB8A46BD,2610,,TRNCH_TRDTNL_SCRTSTN,TRDTNL_SCRTSTN,Y,NO ACTION,979B83AA-1D37-419F-37C1-67D017838A71,687,8CC6FBAE-AC1F-812B-1035-09A87691B0D6,684,D8AECD56-F22E-1AE2-D5C6-84355331FBA8,2408,5
