Table_Name,ObjectID,NumOID,ImportID,ModelID,Num_ModelID,Structured_Type_ID,Num_Structured_Type_ID,Structured_Type_Name,Number_Data_Elements,Classification_Type,Allow_Type_Substitution,Min_Volume,Expected_Volume,Max_Volume,Growth_Rate_Percents,Growth_Rate_Interval,Normal_Form,Temporary_Object_Scope,Adequately_Normalized,Substitution_Parent,Num_Substitution_Parent,Engineer,Spatial_Table,OID_is_PK,OID_is_User_Defined,Include_Scripts_Into_DDL
ASST_PL,E132F12C-6288-DDBA-7C74-5D063EE6EB89,574,,4146278C-4654-567E-9F7B-2C4CFE27A753,573,,,,12,A0CBE5B5-15E4-B4F0-F88E-E83729225A42,Y,0,0,9999999,0,Year,Third,,N,,,Y,N,N,Y,N
ASST_PL_CLLTRL_RCVD_ASSGNMNT,86D94527-6369-10BC-CF88-A90681AC6205,575,,4146278C-4654-567E-9F7B-2C4CFE27A753,573,,,,8,A0CBE5B5-15E4-B4F0-F88E-E83729225A42,Y,0,0,9999999,0,Year,Third,,N,,,Y,N,N,Y,N
ASST_PL_EXCHNG_TRDBL_DRVTV_PSTN_ASSGNMNT,4D99BC05-598B-0CD0-E859-4B7CB1C54B88,576,,4146278C-4654-567E-9F7B-2C4CFE27A753,573,,,,11,A0CBE5B5-15E4-B4F0-F88E-E83729225A42,Y,0,0,9999999,0,Year,Third,,N,,,Y,N,N,Y,N
ASST_PL_INSTRMNT_ASSGNMNT,76D04C22-20A0-4905-C819-41A8F44DF2C5,577,,4146278C-4654-567E-9F7B-2C4CFE27A753,573,,,,10,A0CBE5B5-15E4-B4F0-F88E-E83729225A42,Y,0,0,9999999,0,Year,Third,,N,,,Y,N,N,Y,N
ASST_PL_LNG_BLNC_SHT_RCGNSD_SCRTY_PSTN_ASSGNMNT,5FFB7F81-4763-0A64-1B2B-09FA0A98CABB,578,,4146278C-4654-567E-9F7B-2C4CFE27A753,573,,,,11,A0CBE5B5-15E4-B4F0-F88E-E83729225A42,Y,0,0,9999999,0,Year,Third,,N,,,Y,N,N,Y,N
ASST_PL_NN_BLNC_SHT_RCGNSD_SCRTY_PSTN_ASSGNMNT,9025C31B-C513-5C9B-79D8-B14C08CD7F8A,579,,4146278C-4654-567E-9F7B-2C4CFE27A753,573,,,,10,A0CBE5B5-15E4-B4F0-F88E-E83729225A42,Y,0,0,9999999,0,Year,Third,,N,,,Y,N,N,Y,N
BLNC_SHT_NTTNG,C7BD4E4D-70E9-61C6-23FB-38B3A6CE6EF2,580,,4146278C-4654-567E-9F7B-2C4CFE27A753,573,,,,5,B00C49F8-7AB8-0344-2390-66F8B305696A,Y,0,0,9999999,0,Year,Third,,N,,,Y,N,N,Y,N
BLNC_SHT_RCGNSD_NN_BLNC_SHT_RCGNSD_SCRTY_PSTN,655C0C68-72D3-8E51-3E96-11E562E228AA,581,,4146278C-4654-567E-9F7B-2C4CFE27A753,573,,,,15,6B4999C9-9ED0-E7FF-EF12-F2895351A157,Y,0,0,9999999,0,Year,Third,,N,,,Y,N,N,Y,N
CLLTRL,564BCD37-65A0-BB18-6D8B-9A81B0870863,582,,4146278C-4654-567E-9F7B-2C4CFE27A753,573,,,,21,9233E877-99B3-25CB-0DCC-48B7E03DC1DD,Y,0,0,9999999,0,Year,Third,,N,,,Y,N,N,Y,N
CLLTRL_GVN_INSTRMNT_DBT_SCRTY_ISSD_ASSGNMNT,01053026-5E20-D661-EC37-ADB796C2B681,583,,4146278C-4654-567E-9F7B-2C4CFE27A753,573,,,,9,E3679F77-0ED6-93EB-F366-44CA2F802395,Y,0,0,9999999,0,Year,Third,,N,,,Y,N,N,Y,N
CLLTRL_RL,5CB7B07A-47FD-77B3-73DF-3C9CE741167C,584,,4146278C-4654-567E-9F7B-2C4CFE27A753,573,,,,14,9233E877-99B3-25CB-0DCC-48B7E03DC1DD,Y,0,0,9999999,0,Year,Third,,N,,,Y,N,N,Y,N
CRDT_FCLTY,7FDE767A-AD5E-EF88-C9BF-1E8A9334889A,585,,4146278C-4654-567E-9F7B-2C4CFE27A753,573,,,,39,AE3B0B8B-4E66-709C-450E-CC4B1C21FF1E,Y,0,0,9999999,0,Year,Third,,N,,,Y,N,N,Y,N
CRDT_FCLTY_CLLTRL_ASSGNMNT,B1C0A4F7-9D6D-A5DE-8463-589947E6F320,586,,4146278C-4654-567E-9F7B-2C4CFE27A753,573,,,,7,8901219F-AB49-127E-838D-9EE79906B11E,Y,0,0,9999999,0,Year,Third,,N,,,Y,N,N,Y,N
CRDT_FCLTY_CLLTRL_RCVD_INSTRMNT_ASSGNMNT,AAF2C6EB-18DB-BD63-262F-C8521BE21F04,587,,4146278C-4654-567E-9F7B-2C4CFE27A753,573,,,,8,8901219F-AB49-127E-838D-9EE79906B11E,Y,0,0,9999999,0,Year,Third,,N,,,Y,N,N,Y,N
CRDT_FCLTY_ENTTY_RL_ASSGNMNT,49FB508A-7AA5-3154-8DEC-ACAB56FEE6AA,588,,4146278C-4654-567E-9F7B-2C4CFE27A753,573,,,,8,321D792E-206D-B597-68BE-AFF9E9EBC387,Y,0,0,9999999,0,Year,Third,,N,,,Y,N,N,Y,N
CRDT_RSK_MTGTN_ASSGNMNT,F86210B7-E2BE-AC86-B715-9CA0653D9552,589,,4146278C-4654-567E-9F7B-2C4CFE27A753,573,,,,6,9233E877-99B3-25CB-0DCC-48B7E03DC1DD,Y,0,0,9999999,0,Year,Third,,N,,,Y,N,N,Y,N
CRDT_TRNSFR_OTHR_SCRTSTN_CVRD_BND_PRGRM,EDFF84A6-057E-A73E-C3F0-D8CD9FDDD282,590,,4146278C-4654-567E-9F7B-2C4CFE27A753,573,,,,7,A0CBE5B5-15E4-B4F0-F88E-E83729225A42,Y,0,0,9999999,0,Year,Third,,N,,,Y,N,N,Y,N
CSH_HND,8831B7EA-087F-23B6-90C1-63AD9F384CE9,591,,4146278C-4654-567E-9F7B-2C4CFE27A753,573,,,,8,33380944-8442-174B-069A-88F99EEEC3DC,Y,0,0,9999999,0,Year,Third,,N,,,Y,N,N,Y,N
CVRD_BND_ISSNC,22335DBB-FA5E-8790-7678-813EADD7C020,592,,4146278C-4654-567E-9F7B-2C4CFE27A753,573,,,,6,A0CBE5B5-15E4-B4F0-F88E-E83729225A42,Y,0,0,9999999,0,Year,Third,,N,,,Y,N,N,Y,N
CVRD_BND_PRGRM,D688C2C1-7E4A-8CBF-648E-F1A42450DB41,593,,4146278C-4654-567E-9F7B-2C4CFE27A753,573,,,,7,A0CBE5B5-15E4-B4F0-F88E-E83729225A42,Y,0,0,9999999,0,Year,Third,,N,,,Y,N,N,Y,N
CVRD_BND_PRGRMM_RLVNT_RGM_EXCSS,8E81A7FC-F259-F170-C6BE-8B5B1CBA7651,594,,4146278C-4654-567E-9F7B-2C4CFE27A753,573,,,,8,A0CBE5B5-15E4-B4F0-F88E-E83729225A42,Y,0,0,9999999,0,Year,Third,,N,,,Y,N,N,Y,N
DBT_SCRTY_ISSD,F151C8A1-2C69-AA6D-FB35-611A1E075C7E,595,,4146278C-4654-567E-9F7B-2C4CFE27A753,573,,,,24,178C245A-208C-578D-F0C5-C390D8542711,Y,0,0,9999999,0,Year,Third,,N,,,Y,N,N,Y,N
DBT_SCRTY_ISSD_HDG,40D26129-E8E2-9F41-A7ED-4655B178ABD5,596,,4146278C-4654-567E-9F7B-2C4CFE27A753,573,,,,8,178C245A-208C-578D-F0C5-C390D8542711,Y,0,0,9999999,0,Year,Third,,N,,,Y,N,N,Y,N
DBT_SCRTY_ISSD_PRTCN_ARRNGMNT_GVN_ASSGNMNT,06768611-CEEE-3C87-E80B-EB8A2984A02B,597,,4146278C-4654-567E-9F7B-2C4CFE27A753,573,,,,10,B00C49F8-7AB8-0344-2390-66F8B305696A,Y,0,0,9999999,0,Year,Third,,N,,,Y,N,N,Y,N
DBT_SCRTY_ISSD_TRDTNL_SCRTSTN_ASSGNMNT,71543EAD-CCB9-058A-EC4C-6EEC2B68D9BF,598,,4146278C-4654-567E-9F7B-2C4CFE27A753,573,,,,7,A0CBE5B5-15E4-B4F0-F88E-E83729225A42,Y,0,0,9999999,0,Year,Third,,N,,,Y,N,N,Y,N
ENTTY_RL,803BEA06-D3EE-0043-8C52-BBA01D9ACE34,599,,4146278C-4654-567E-9F7B-2C4CFE27A753,573,,,,11,7A67499C-0479-82E2-9F82-A693B748701D,Y,0,0,9999999,0,Year,Third,,N,,,Y,N,N,Y,N
EQT_INSTRMNT_NT_SCRT_HDG,09AD04A6-5411-1415-343A-8F4F88D9B020,600,,4146278C-4654-567E-9F7B-2C4CFE27A753,573,,,,7,E3679F77-0ED6-93EB-F366-44CA2F802395,Y,0,0,9999999,0,Year,Third,,N,,,Y,N,N,Y,N
ETD_LBLTY_PSTN_SNTHTC_SCRTSTN_ASSGNMNT,4E2A3CC0-C2B2-20A3-1198-2D80F9788A4C,601,,4146278C-4654-567E-9F7B-2C4CFE27A753,573,,,,11,A0CBE5B5-15E4-B4F0-F88E-E83729225A42,Y,0,0,9999999,0,Year,Third,,N,,,Y,N,N,Y,N
EXCHNG_TRDBL_DRVTV_PSTN,415654DD-95DB-7F12-2EF3-CA0BC9B6C478,602,,4146278C-4654-567E-9F7B-2C4CFE27A753,573,,,,13,6B4999C9-9ED0-E7FF-EF12-F2895351A157,Y,0,0,9999999,0,Year,Third,,N,,,Y,N,N,Y,N
EXCHNG_TRDBL_DRVTV_PSTN_PRTCN_ARRNGMNT_ASSGNMNT,DCC1824D-9936-C24D-0645-6410DF03352D,603,,4146278C-4654-567E-9F7B-2C4CFE27A753,573,,,,14,B00C49F8-7AB8-0344-2390-66F8B305696A,Y,0,0,9999999,0,Year,Third,,N,,,Y,N,N,Y,N
EXCHNG_TRDBL_DRVTV_PSTN_RL,87BE6312-3EA1-0C71-0B5F-9F648564E0E9,604,,4146278C-4654-567E-9F7B-2C4CFE27A753,573,,,,32,6B4999C9-9ED0-E7FF-EF12-F2895351A157,Y,0,0,9999999,0,Year,Third,,N,,,Y,N,N,Y,N
FNDMNTL_RVW_TRDNG_BK_STNDRD_APPRCH_RSK_MSR_ETD_PSTNS,66CE02F9-4D1C-0517-0032-872E8B2B806F,605,,4146278C-4654-567E-9F7B-2C4CFE27A753,573,,,,22,1B94F88B-CE04-E04E-DE88-6866B6DBCB24,Y,0,0,9999999,0,Year,Third,,N,,,Y,N,N,Y,N
FNDMNTL_RVW_TRDNG_BK_STNDRD_APPRCH_RSK_MSR_FR_SCRTY_PSTNS,38DBA367-9B77-6FF3-E26C-9663D76FD6D2,606,,4146278C-4654-567E-9F7B-2C4CFE27A753,573,,,,20,1B94F88B-CE04-E04E-DE88-6866B6DBCB24,Y,0,0,9999999,0,Year,Third,,N,,,Y,N,N,Y,N
FNDMNTL_RVW_TRDNG_BK_STNDRD_APPRCH_RSK_MSR_OTC_PSTNS,E021C796-5621-0AF6-936A-966B0110CD1F,607,,4146278C-4654-567E-9F7B-2C4CFE27A753,573,,,,18,1B94F88B-CE04-E04E-DE88-6866B6DBCB24,Y,0,0,9999999,0,Year,Third,,N,,,Y,N,N,Y,N
FNNCL_CNTRCT,8E2D9E57-FDA2-A909-3C05-B4A0F53B0933,608,,4146278C-4654-567E-9F7B-2C4CFE27A753,573,,,,9,B00C49F8-7AB8-0344-2390-66F8B305696A,Y,0,0,9999999,0,Year,Third,,N,,,Y,N,N,Y,N
FNNCL_GRNT_INSTRMNT_DBT_SCRT_DBT_SCRTY_ASSGNMNT,45C4C575-2B4D-3010-7655-16F9D28CE47C,609,,4146278C-4654-567E-9F7B-2C4CFE27A753,573,,,,7,E3679F77-0ED6-93EB-F366-44CA2F802395,Y,0,0,9999999,0,Year,Third,,N,,,Y,N,N,Y,N
FR_VL_DCRS_CNTNGNT_ENCMBRNC,A08AB893-6832-3391-E5E5-34B07ACCA76D,610,,4146278C-4654-567E-9F7B-2C4CFE27A753,573,,,,17,33380944-8442-174B-069A-88F99EEEC3DC,Y,0,0,9999999,0,Year,Third,,N,,,Y,N,N,Y,N
GRP,72258BD2-B861-5EA5-E59E-A181A7887431,611,,4146278C-4654-567E-9F7B-2C4CFE27A753,573,,,,6,6A779D0D-F36E-D93D-2784-62A536E03441,Y,0,0,9999999,0,Year,Third,,N,,,Y,N,N,Y,N
GRP_KY_MNGMNT_PRSNLL_ASSGNMNT,8FB5752B-291E-628E-7DDE-53E2E3F69BC5,612,,4146278C-4654-567E-9F7B-2C4CFE27A753,573,,,,8,F36538BB-5D06-004C-7E98-E0E4C376E423,Y,0,0,9999999,0,Year,Third,,N,,,Y,N,N,Y,N
IMMDT_PRNT_ENTRPRS_ASSGNMNT,EB324EAA-CF85-80A9-1341-CC1ADE45F33A,613,,4146278C-4654-567E-9F7B-2C4CFE27A753,573,,,,9,7A67499C-0479-82E2-9F82-A693B748701D,Y,0,0,9999999,0,Year,Third,,N,,,Y,N,N,Y,N
INSTRMNT,78FCD9B0-DDAB-965F-8D1B-8493C2DE8AE4,614,,4146278C-4654-567E-9F7B-2C4CFE27A753,573,,,,38,E3679F77-0ED6-93EB-F366-44CA2F802395,Y,0,0,9999999,0,Year,Third,,N,,,Y,N,N,Y,N
INSTRMNT_CLLTRL_ASSGNMNT,AC499C72-4708-2B32-73C8-63191F41A58C,615,,4146278C-4654-567E-9F7B-2C4CFE27A753,573,,,,12,BA6872F2-94CA-21F5-EE67-2D64E8105B0E,Y,0,0,9999999,0,Year,Third,,N,,,Y,N,N,Y,N
INSTRMNT_CLLTRL_INSTRMNT_ASSGNMNT,45B454F6-1278-26A7-63D8-F133B3AC73FC,616,,4146278C-4654-567E-9F7B-2C4CFE27A753,573,,,,9,BA6872F2-94CA-21F5-EE67-2D64E8105B0E,Y,0,0,9999999,0,Year,Third,,N,,,Y,N,N,Y,N
INSTRMNT_ENTTY_RL_ASSGNMNT,1B261ADF-675D-5930-D3FE-A768E2569AD0,617,,4146278C-4654-567E-9F7B-2C4CFE27A753,573,,,,13,FE45E328-F07E-B6E9-3D7B-D350215923F8,Y,0,0,9999999,0,Year,Third,,N,,,Y,N,N,Y,N
INSTRMNT_HDGD_EXCHNG_TRDBL_DRVTV,67EF68CF-3D6D-DCFD-8575-56ED50950F25,618,,4146278C-4654-567E-9F7B-2C4CFE27A753,573,,,,11,E3679F77-0ED6-93EB-F366-44CA2F802395,Y,0,0,9999999,0,Year,Third,,N,,,Y,N,N,Y,N
INSTRMNT_HDGD_OTC_DRVTV,C38E5231-9C73-C312-D828-65F3E8DE663B,619,,4146278C-4654-567E-9F7B-2C4CFE27A753,573,,,,6,E3679F77-0ED6-93EB-F366-44CA2F802395,Y,0,0,9999999,0,Year,Third,,N,,,Y,N,N,Y,N
INSTRMNT_PRTCTN_ARRNGMNT_ASSGNMNT,478ED43B-401E-EA5C-FC28-94093E9D4497,620,,4146278C-4654-567E-9F7B-2C4CFE27A753,573,,,,8,B00C49F8-7AB8-0344-2390-66F8B305696A,Y,0,0,9999999,0,Year,Third,,N,,,Y,N,N,Y,N
INSTRMNT_RL,9D1B6BEB-B5EE-A5F2-EAA3-CEFC8F8B26E3,621,,4146278C-4654-567E-9F7B-2C4CFE27A753,573,,,,105,E3679F77-0ED6-93EB-F366-44CA2F802395,Y,0,0,9999999,0,Year,Third,,N,,,Y,N,N,Y,N
INTRNL_GRP_RL,CF3DE062-C036-BB4B-CD40-973C94EBC74B,622,,4146278C-4654-567E-9F7B-2C4CFE27A753,573,,,,11,6A779D0D-F36E-D93D-2784-62A536E03441,Y,0,0,9999999,0,Year,Third,,N,,,Y,N,N,Y,N
INTRST_RT_RSK_HDG_PRTFL,CCA99871-D48C-7CB6-04DB-7CD9FD5BBE60,623,,4146278C-4654-567E-9F7B-2C4CFE27A753,573,,,,7,33380944-8442-174B-069A-88F99EEEC3DC,Y,0,0,9999999,0,Year,Third,,N,,,Y,N,N,Y,N
INVSTMNT_PRPRTY_TKN_PSSSSN,812C7ACF-7E52-5435-F84E-E869527999D4,624,,4146278C-4654-567E-9F7B-2C4CFE27A753,573,,,,20,33380944-8442-174B-069A-88F99EEEC3DC,Y,0,0,9999999,0,Year,Third,,N,,,Y,N,N,Y,N
KB_PR_BCKT_DRVD_DT,B240F944-3F9F-0D96-0B35-5FA988E08136,625,,4146278C-4654-567E-9F7B-2C4CFE27A753,573,,,,6,1B94F88B-CE04-E04E-DE88-6866B6DBCB24,Y,0,0,9999999,0,Year,Third,,N,,,Y,N,N,Y,N
LN_AND_ADVNC_HDG,8639CDA6-BBC2-9673-B648-D9D86D952B76,626,,4146278C-4654-567E-9F7B-2C4CFE27A753,573,,,,7,E3679F77-0ED6-93EB-F366-44CA2F802395,Y,0,0,9999999,0,Year,Third,,N,,,Y,N,N,Y,N
LNG_BLNC_SHT_RCGNSD_SCRTY_PSTN_CLLTRL_RCVD_ASSGNMNT,13258135-F92F-2BB4-2082-544E6C2A83CE,627,,4146278C-4654-567E-9F7B-2C4CFE27A753,573,,,,14,6B4999C9-9ED0-E7FF-EF12-F2895351A157,Y,0,0,9999999,0,Year,Third,,N,,,Y,N,N,Y,N
LNG_BLNC_SHT_RCGNSD_SCRTY_PSTN_PRDNTL_PRTFL_ACCNTNG_CLSSFCTN_ASSGNMNT,98D345A7-E46F-E979-FC8C-EEE77E454AEE,628,,4146278C-4654-567E-9F7B-2C4CFE27A753,573,,,,52,6B4999C9-9ED0-E7FF-EF12-F2895351A157,Y,0,0,9999999,0,Year,Third,,N,,,Y,N,N,Y,N
LNG_BLNC_SHT_RCGNSD_SCRTY_PSTN_PRDNTL_PRTFL_ACCNTNG_CLSSFCTN_ASSGNMNT_NGAAP_FDCRY_ITM,2D5877F7-F36A-B729-303D-BFC089171C48,629,,4146278C-4654-567E-9F7B-2C4CFE27A753,573,,,,13,6B4999C9-9ED0-E7FF-EF12-F2895351A157,Y,0,0,9999999,0,Year,Third,,N,,,Y,N,N,Y,N
LNG_BLNC_SHT_RCGNSD_SCRTY_PSTN_PRDNTL_PRTFL_ACCNTNG_CLSSFCTN_ASSGNMNT_TKN_PSSSN,A333198F-E806-6D21-B40D-E348ABC0BC8A,630,,4146278C-4654-567E-9F7B-2C4CFE27A753,573,,,,19,6B4999C9-9ED0-E7FF-EF12-F2895351A157,Y,0,0,9999999,0,Year,Third,,N,,,Y,N,N,Y,N
LNG_BLNC_SHT_RCGNSD_SCRTY_PSTN_PRDNTL_PRTFL_ASSGNMNT,3AF5D2F6-D4B3-02D2-8333-FCDD691F4919,631,,4146278C-4654-567E-9F7B-2C4CFE27A753,573,,,,10,6B4999C9-9ED0-E7FF-EF12-F2895351A157,Y,0,0,9999999,0,Year,Third,,N,,,Y,N,N,Y,N
LNG_BLNC_SHT_RCGNSD_SCRTY_PSTN_PRDNTL_PRTFL_ASSGNMNT_RSK_DT,C60EA0DC-E00C-5496-FD5D-6972BDD7189F,632,,4146278C-4654-567E-9F7B-2C4CFE27A753,573,,,,17,6B4999C9-9ED0-E7FF-EF12-F2895351A157,Y,0,0,9999999,0,Year,Third,,N,,,Y,N,N,Y,N
LNG_BLNC_SHT_RCGNSD_SCRTY_PSTN_PRTCTN_ARRNGMNT_RCVD_ASSGNMNT,7CB457EA-8A40-1F77-B927-ACA80CB606E0,633,,4146278C-4654-567E-9F7B-2C4CFE27A753,573,,,,13,B00C49F8-7AB8-0344-2390-66F8B305696A,Y,0,0,9999999,0,Year,Third,,N,,,Y,N,N,Y,N
LNG_NN_BLNC_SHT_RCGNSD_SCRTY_PSTN_CLLTRL_RCVD_ASSGNMNT,CC47D0F1-18EA-D2A7-4CB9-C403A5E7CE7D,634,,4146278C-4654-567E-9F7B-2C4CFE27A753,573,,,,13,6B4999C9-9ED0-E7FF-EF12-F2895351A157,Y,0,0,9999999,0,Year,Third,,N,,,Y,N,N,Y,N
LNG_NN_BLNC_SHT_RCGNSD_SCRTY_PSTN_PRTCTN_ARRNGMNT_RCVD_ASSGNMNT,A5FA8595-471B-FE0C-67F0-5C4CCF4D8F23,635,,4146278C-4654-567E-9F7B-2C4CFE27A753,573,,,,12,B00C49F8-7AB8-0344-2390-66F8B305696A,Y,0,0,9999999,0,Year,Third,,N,,,Y,N,N,Y,N
LNG_SHRT_BLNC_SHT_RCGNSD_SCRTY_PSTN,C206EF8A-EF01-0C0A-9AE9-879ACF8B6270,636,,4146278C-4654-567E-9F7B-2C4CFE27A753,573,,,,18,6B4999C9-9ED0-E7FF-EF12-F2895351A157,Y,0,0,9999999,0,Year,Third,,N,,,Y,N,N,Y,N
LNG_SHRT_BLNC_SHT_RCGNSD_SCRTY_PSTN_HDG,DCFB7175-B5C5-25AA-21CF-962EED997030,637,,4146278C-4654-567E-9F7B-2C4CFE27A753,573,,,,11,6B4999C9-9ED0-E7FF-EF12-F2895351A157,Y,0,0,9999999,0,Year,Third,,N,,,Y,N,N,Y,N
LNKD_ENTRPRS_ASSGNMNT,1699136B-E229-427A-7658-330B1E0120A5,638,,4146278C-4654-567E-9F7B-2C4CFE27A753,573,,,,7,7A67499C-0479-82E2-9F82-A693B748701D,Y,0,0,9999999,0,Year,Third,,N,,,Y,N,N,Y,N
MSTR_AGRMNT,4B71F9D2-52C5-B4BC-5D63-F8231B28CA60,639,,4146278C-4654-567E-9F7B-2C4CFE27A753,573,,,,6,B00C49F8-7AB8-0344-2390-66F8B305696A,Y,0,0,9999999,0,Year,Third,,N,,,Y,N,N,Y,N
MSTR_AGRMNT_ENTTY_RL_ASSGNMNT,6E64006B-AE93-53E7-6AD8-06AF3473CE3F,640,,4146278C-4654-567E-9F7B-2C4CFE27A753,573,,,,8,B00C49F8-7AB8-0344-2390-66F8B305696A,Y,0,0,9999999,0,Year,Third,,N,,,Y,N,N,Y,N
MSTR_AGRMNT_FNNCL_CNTRCT_ASSGNMNT,45323FD7-B136-3EB6-0C86-04C488CAC04F,641,,4146278C-4654-567E-9F7B-2C4CFE27A753,573,,,,6,B00C49F8-7AB8-0344-2390-66F8B305696A,Y,0,0,9999999,0,Year,Third,,N,,,Y,N,N,Y,N
NN_BLNC_SHT_RCGNSD_SCRTY_PSTN_NGAAP_FDCRY_ITM,BB223F11-5714-5717-8A73-A8158605462E,642,,4146278C-4654-567E-9F7B-2C4CFE27A753,573,,,,9,6B4999C9-9ED0-E7FF-EF12-F2895351A157,Y,0,0,9999999,0,Year,Third,,N,,,Y,N,N,Y,N
NN_FNNCL_ASST,C6104482-56E4-9DA3-0E81-12B2FA95B595,643,,4146278C-4654-567E-9F7B-2C4CFE27A753,573,,,,11,33380944-8442-174B-069A-88F99EEEC3DC,Y,0,0,9999999,0,Year,Third,,N,,,Y,N,N,Y,N
NN_FNNCL_LBLTY,DCF19C9E-7F25-91E8-441A-A2E347C42027,644,,4146278C-4654-567E-9F7B-2C4CFE27A753,573,,,,8,33380944-8442-174B-069A-88F99EEEC3DC,Y,0,0,9999999,0,Year,Third,,N,,,Y,N,N,Y,N
NTRL_PRSN_KY_MNGMNT_PRSNLL_ASSGNMNT,70716D13-F695-A1E9-3CA1-DB8A05FA89BB,645,,4146278C-4654-567E-9F7B-2C4CFE27A753,573,,,,7,7A67499C-0479-82E2-9F82-A693B748701D,Y,0,0,9999999,0,Year,Third,,N,,,Y,N,N,Y,N
OTC_DRVTV_HDG,ACCF3303-F7E7-CB90-2677-B88DDD608961,646,,4146278C-4654-567E-9F7B-2C4CFE27A753,573,,,,9,E3679F77-0ED6-93EB-F366-44CA2F802395,Y,0,0,9999999,0,Year,Third,,N,,,Y,N,N,Y,N
OTC_DRVTV_INSTRMNT_SNTHTC_SCRTSTN_ASSGNMNT,822B0681-4DE0-EF19-25BC-0F2072C3F5A0,647,,4146278C-4654-567E-9F7B-2C4CFE27A753,573,,,,6,A0CBE5B5-15E4-B4F0-F88E-E83729225A42,Y,0,0,9999999,0,Year,Third,,N,,,Y,N,N,Y,N
OTHR_PRTY_ID,3F5A18AC-FD82-BE9C-B8CE-0A184A570419,648,,4146278C-4654-567E-9F7B-2C4CFE27A753,573,,,,8,7A67499C-0479-82E2-9F82-A693B748701D,Y,0,0,9999999,0,Year,Third,,N,,,Y,N,N,Y,N
PRPRTY_PLNT_EQPMNT_TKN_PSSSSN,417DCF97-7498-FB2E-2339-96E5BA8A32B1,649,,4146278C-4654-567E-9F7B-2C4CFE27A753,573,,,,17,33380944-8442-174B-069A-88F99EEEC3DC,Y,0,0,9999999,0,Year,Third,,N,,,Y,N,N,Y,N
PRTCTN_ARRNGMNT,66BC86EB-EAD8-F239-8100-73DF122B8272,650,,4146278C-4654-567E-9F7B-2C4CFE27A753,573,,,,7,B00C49F8-7AB8-0344-2390-66F8B305696A,Y,0,0,9999999,0,Year,Third,,N,,,Y,N,N,Y,N
PRTCTN_ARRNGMNT_RL,F72ED3E4-6699-FB3C-63EF-4F15D643A896,651,,4146278C-4654-567E-9F7B-2C4CFE27A753,573,,,,9,B00C49F8-7AB8-0344-2390-66F8B305696A,Y,0,0,9999999,0,Year,Third,,N,,,Y,N,N,Y,N
PRTCTN_PRTCTN_PRVD_ASSGNMNT,6CE1F146-53DD-6155-3CFC-68736EA20D89,652,,4146278C-4654-567E-9F7B-2C4CFE27A753,573,,,,8,9233E877-99B3-25CB-0DCC-48B7E03DC1DD,Y,0,0,9999999,0,Year,Third,,N,,,Y,N,N,Y,N
PRTNR_ENTRPRS_ASSGNMNT,84CC2659-07E8-85DB-4908-818BAFAF2E67,653,,4146278C-4654-567E-9F7B-2C4CFE27A753,573,,,,8,7A67499C-0479-82E2-9F82-A693B748701D,Y,0,0,9999999,0,Year,Third,,N,,,Y,N,N,Y,N
PRTY,2A1B5F67-294E-2604-0E1A-1B2BF6759CDE,654,,4146278C-4654-567E-9F7B-2C4CFE27A753,573,,,,48,7A67499C-0479-82E2-9F82-A693B748701D,Y,0,0,9999999,0,Year,Third,,N,,,Y,N,N,Y,N
PRTY_CD,B41D9618-833D-8A0A-7ACF-A29575278D94,655,,4146278C-4654-567E-9F7B-2C4CFE27A753,573,,,,8,7A67499C-0479-82E2-9F82-A693B748701D,Y,0,0,9999999,0,Year,Third,,N,,,Y,N,N,Y,N
PRTY_PRVS_PRD_DT,B2FD6A6B-1734-41A6-6642-E645504BDF37,656,,4146278C-4654-567E-9F7B-2C4CFE27A753,573,,,,7,7A67499C-0479-82E2-9F82-A693B748701D,Y,0,0,9999999,0,Year,Third,,N,,,Y,N,N,Y,N
RPRCHS_TRNSCTN_GLD_GVN_ASSGNMNT,2D0A474B-97B8-D652-9AC0-72436E46243B,657,,4146278C-4654-567E-9F7B-2C4CFE27A753,573,,,,9,BA6872F2-94CA-21F5-EE67-2D64E8105B0E,Y,0,0,9999999,0,Year,Third,,N,,,Y,N,N,Y,N
RPRCHS_TRNSCTN_LNG_BLNC_SHT_RCGNSD_SCRTY_PSTN_GVN_ASSGNMNT,C591B2F8-9026-EB21-10EC-D56EAF3AC863,658,,4146278C-4654-567E-9F7B-2C4CFE27A753,573,,,,12,4CD8529E-9E87-687F-A648-BC277FAFA6AD,Y,0,0,9999999,0,Year,Third,,N,,,Y,N,N,Y,N
RPRCHS_TRNSCTN_NN_BLNC_SHT_RCGNSD_SCRTY_PSTN_ASSGNMNT,CAA2C866-3952-1890-A82C-30BEF53C35E2,659,,4146278C-4654-567E-9F7B-2C4CFE27A753,573,,,,18,4CD8529E-9E87-687F-A648-BC277FAFA6AD,Y,0,0,9999999,0,Year,Third,,N,,,Y,N,N,Y,N
RSK_FAC_SA,264BCB3B-FDA9-6DE4-1B70-8D43AD92609B,660,,4146278C-4654-567E-9F7B-2C4CFE27A753,573,,,,16,1B94F88B-CE04-E04E-DE88-6866B6DBCB24,Y,0,0,9999999,0,Year,Third,,N,,,Y,N,N,Y,N
RTNG_AGNCY,9E43AB21-9280-30F0-EA62-1F04945CEBFB,661,,4146278C-4654-567E-9F7B-2C4CFE27A753,573,,,,2,6E05D22A-D6DB-0396-42A2-4B1DB49EB60E,Y,0,0,9999999,0,Year,Third,,N,,,Y,N,N,Y,N
RTNG_AGNCY_EXCSS_MTHDLGY_CVRD_BND_PRGRMM_ASSGNMNT,55B3CE22-22CC-9D9A-FCF0-BD4CE6B5A01A,662,,4146278C-4654-567E-9F7B-2C4CFE27A753,573,,,,10,6E05D22A-D6DB-0396-42A2-4B1DB49EB60E,Y,0,0,9999999,0,Year,Third,,N,,,Y,N,N,Y,N
RTNG_GRD,4573C443-8701-693D-167D-5F66060E818A,663,,4146278C-4654-567E-9F7B-2C4CFE27A753,573,,,,5,6E05D22A-D6DB-0396-42A2-4B1DB49EB60E,Y,0,0,9999999,0,Year,Third,,N,,,Y,N,N,Y,N
RTNG_GRD_CNTRL_BNK_PRVT_SCTR_CMPN_ASSGNMNT,4C0C4115-43D6-FFC8-C6FB-7F47BC77D98D,664,,4146278C-4654-567E-9F7B-2C4CFE27A753,573,,,,8,6E05D22A-D6DB-0396-42A2-4B1DB49EB60E,Y,0,0,9999999,0,Year,Third,,N,,,Y,N,N,Y,N
RTNG_GRD_CNTRY_ASSGNMNT,189A94D2-FF7D-A285-8842-2241CDB0D2B2,665,,4146278C-4654-567E-9F7B-2C4CFE27A753,573,,,,4,6E05D22A-D6DB-0396-42A2-4B1DB49EB60E,Y,0,0,9999999,0,Year,Third,,N,,,Y,N,N,Y,N
RTNG_GRD_ISS_BSD_RTNG_SSTM_DBT_SCRTY_ASSGNMNT,BB84B589-B1CD-005F-5FD6-7D9AACBDDB7B,666,,4146278C-4654-567E-9F7B-2C4CFE27A753,573,,,,8,6E05D22A-D6DB-0396-42A2-4B1DB49EB60E,Y,0,0,9999999,0,Year,Third,,N,,,Y,N,N,Y,N
RTNG_SYSTM,85EB383A-D236-E31B-D1E4-7A96AE999F56,667,,4146278C-4654-567E-9F7B-2C4CFE27A753,573,,,,5,6E05D22A-D6DB-0396-42A2-4B1DB49EB60E,Y,0,0,9999999,0,Year,Third,,N,,,Y,N,N,Y,N
RTNG_SYSTM_APPLD_LGL_PRSN,C85B4257-0A52-6F1E-0E90-487A18880742,668,,4146278C-4654-567E-9F7B-2C4CFE27A753,573,,,,8,6E05D22A-D6DB-0396-42A2-4B1DB49EB60E,Y,0,0,9999999,0,Year,Third,,N,,,Y,N,N,Y,N
SBSDRY_JNT_VNTR_ASSCT_OTHR_ORGNSTN_ASSGNMNT,C3AECAB7-CE75-C794-A01A-E8E368A87F7B,669,,4146278C-4654-567E-9F7B-2C4CFE27A753,573,,,,17,F36538BB-5D06-004C-7E98-E0E4C376E423,Y,0,0,9999999,0,Year,Third,,N,,,Y,N,N,Y,N
SCRTY_BRRWNG_CMPNNT_SCRTY_CLLTRL_ASSGNMNT,72741C5A-0424-5CF5-7292-3A7EA204A0DA,670,,4146278C-4654-567E-9F7B-2C4CFE27A753,573,,,,6,E3679F77-0ED6-93EB-F366-44CA2F802395,Y,0,0,9999999,0,Year,Third,,N,,,Y,N,N,Y,N
SCRTY_BRRWNG_LNDNG_TRNSCTN_INCLDNG_CSH_CLLTRL,6BC51580-FE8E-3813-6F13-4D62ADA2CF64,671,,4146278C-4654-567E-9F7B-2C4CFE27A753,573,,,,10,E3679F77-0ED6-93EB-F366-44CA2F802395,Y,0,0,9999999,0,Year,Third,,N,,,Y,N,N,Y,N
SCRTY_CLLTRL_LNDNG_CMPNNT_SCRTY_CLLTRL_ASSGNMNT,B3F14FB1-87A7-D9FC-74E9-B78095671749,672,,4146278C-4654-567E-9F7B-2C4CFE27A753,573,,,,6,E3679F77-0ED6-93EB-F366-44CA2F802395,Y,0,0,9999999,0,Year,Third,,N,,,Y,N,N,Y,N
SCRTY_ENTTY_RL_ASSGNMNT,B476315B-AEC4-1AD3-1201-DBEE72226850,673,,4146278C-4654-567E-9F7B-2C4CFE27A753,573,,,,10,6B4999C9-9ED0-E7FF-EF12-F2895351A157,Y,0,0,9999999,0,Year,Third,,N,,,Y,N,N,Y,N
SCRTY_EXCHNG_TRDBL_DRVTV,6A4601ED-9BA6-B6D6-E8D3-8AB3A8F0DEE5,674,,4146278C-4654-567E-9F7B-2C4CFE27A753,573,,,,62,178C245A-208C-578D-F0C5-C390D8542711,Y,0,0,9999999,0,Year,Third,,N,,,Y,N,N,Y,N
SCRTY_HDGD_EXCHNG_TRDBL_DRVTV,78D94E62-A2A6-4104-9753-97C607C326D0,675,,4146278C-4654-567E-9F7B-2C4CFE27A753,573,,,,15,6B4999C9-9ED0-E7FF-EF12-F2895351A157,Y,0,0,9999999,0,Year,Third,,N,,,Y,N,N,Y,N
SCRTY_LNDNG_CMPNNT_SCRTY_ASSGNMNT,B847457A-B48F-4F98-061D-6DCA116D309A,676,,4146278C-4654-567E-9F7B-2C4CFE27A753,573,,,,6,E3679F77-0ED6-93EB-F366-44CA2F802395,Y,0,0,9999999,0,Year,Third,,N,,,Y,N,N,Y,N
SCRTY_PSTN,DD64CA26-E9D8-8EFB-3038-E647952F5215,677,,4146278C-4654-567E-9F7B-2C4CFE27A753,573,,,,9,6B4999C9-9ED0-E7FF-EF12-F2895351A157,Y,0,0,9999999,0,Year,Third,,N,,,Y,N,N,Y,N
SCRTY_PSTN_HDGD_OTC_DRVTV,DA160F3C-4D8A-153E-069A-F5F0C8A30D39,678,,4146278C-4654-567E-9F7B-2C4CFE27A753,573,,,,13,E3679F77-0ED6-93EB-F366-44CA2F802395,Y,0,0,9999999,0,Year,Third,,N,,,Y,N,N,Y,N
SGNFCNT_CRRNCY_DPRCTN_CNTNGNT_ENCMBRNC,92B4A470-7985-277D-AD3B-FC400843D682,679,,4146278C-4654-567E-9F7B-2C4CFE27A753,573,,,,18,33380944-8442-174B-069A-88F99EEEC3DC,Y,0,0,9999999,0,Year,Third,,N,,,Y,N,N,Y,N
SHRT_BLNC_SHT_RCGNSD_SCRTY_PSTN_NGAAP_FDCRY_ITM,90D426EA-48D2-0650-F50A-B9B135F4CCA5,680,,4146278C-4654-567E-9F7B-2C4CFE27A753,573,,,,10,6B4999C9-9ED0-E7FF-EF12-F2895351A157,Y,0,0,9999999,0,Year,Third,,N,,,Y,N,N,Y,N
SHRT_BLNC_SHT_RCGNSD_SCRTY_PSTN_PRDNTL_PRTFL_ASSGNMNT,31E39543-F031-1833-CF6E-FDF01D1EC577,681,,4146278C-4654-567E-9F7B-2C4CFE27A753,573,,,,10,6B4999C9-9ED0-E7FF-EF12-F2895351A157,Y,0,0,9999999,0,Year,Third,,N,,,Y,N,N,Y,N
SNTHTC_SCRTSTN,35743473-52E2-7A32-E430-DE888D37B5B3,682,,4146278C-4654-567E-9F7B-2C4CFE27A753,573,,,,14,A0CBE5B5-15E4-B4F0-F88E-E83729225A42,Y,0,0,9999999,0,Year,Third,,N,,,Y,N,N,Y,N
SYNDCTD_CNTRCT,4883348D-614C-7023-6C60-7068B2CCC314,683,,4146278C-4654-567E-9F7B-2C4CFE27A753,573,,,,1,B00C49F8-7AB8-0344-2390-66F8B305696A,Y,0,0,9999999,0,Year,Third,,N,,,Y,N,N,Y,N
TRDTNL_SCRTSTN,8CC6FBAE-AC1F-812B-1035-09A87691B0D6,684,,4146278C-4654-567E-9F7B-2C4CFE27A753,573,,,,15,A0CBE5B5-15E4-B4F0-F88E-E83729225A42,Y,0,0,9999999,0,Year,Third,,N,,,Y,N,N,Y,N
TRNCH_SYNTHTC_SCRTSTN_WTHT_SSPE_DPST,B83C989F-015C-3A0E-5D44-8BD531DC65CF,685,,4146278C-4654-567E-9F7B-2C4CFE27A753,573,,,,10,A0CBE5B5-15E4-B4F0-F88E-E83729225A42,Y,0,0,9999999,0,Year,Third,,N,,,Y,N,N,Y,N
TRNCH_SYNTHTC_SCRTSTN_WTHT_SSPE_FNNCL_GRNT,CBE080A1-7265-27E4-17C9-85C256BC20B3,686,,4146278C-4654-567E-9F7B-2C4CFE27A753,573,,,,10,A0CBE5B5-15E4-B4F0-F88E-E83729225A42,Y,0,0,9999999,0,Year,Third,,N,,,Y,N,N,Y,N
TRNCH_TRDTNL_SCRTSTN,979B83AA-1D37-419F-37C1-67D017838A71,687,,4146278C-4654-567E-9F7B-2C4CFE27A753,573,,,,9,A0CBE5B5-15E4-B4F0-F88E-E83729225A42,Y,0,0,9999999,0,Year,Third,,N,,,Y,N,N,Y,N
